SpellID,Name,Type,CastTime,Duration,RecastDelay,Damage,DamageType,Icon,ClientEffect
1,"Amethyst Shield",BaseArmorFactorBuff,3.0,1200,0,0.0,0,1,1
2,"Amethyst Shield (Enhanced)",BaseArmorFactorBuff,3.0,1200,0,0.0,0,2,2
3,"Ruby Shield",BaseArmorFactorBuff,3.0,1200,0,0.0,0,3,3
4,"Ruby Shield (Enhanced)",BaseArmorFactorBuff,3.0,1200,0,0.0,0,4,4
5,"Cobalt Shield",BaseArmorFactorBuff,3.0,1200,0,0.0,0,5,5
6,"Cobalt Shield (Enhanced)",BaseArmorFactorBuff,3.0,1200,0,0.0,0,6,6
7,"Emerald Shield",BaseArmorFactorBuff,3.0,1200,0,0.0,0,7,7
8,"Emerald Shield (Enhanced)",BaseArmorFactorBuff,3.0,1200,0,0.0,0,8,8
9,"Diamond Shield",BaseArmorFactorBuff,3.0,1200,0,0.0,0,9,9
10,"Diamond Shield (Enhanced)",BaseArmorFactorBuff,3.0,1200,0,0.0,0,10,10
11,"Minor Earthen Power",DamageAdd,3.0,1200,0,1.6,14,11,11
12,"Earthen Power",DamageAdd,3.0,1200,0,2.5,14,12,12
13,"Greater Earthen Power",DamageAdd,3.0,1200,0,3.1,14,13,13
14,"Minor Earthen Burst",DamageAdd,3.0,1200,0,3.9,14,14,14
15,"Earthen Burst",DamageAdd,3.0,1200,0,5.0,14,15,15
16,"Great Earthen Burst",DamageAdd,3.0,1200,0,6.3,14,16,16
17,"Earthen Fury",DamageAdd,3.0,1200,0,7.9,14,17,17
18,"Greater Earthen Fury",DamageAdd,3.0,1200,0,10.0,14,18,18
19,"Greater Earthen Rage",DamageAdd,3.0,1200,0,10.0,14,24,24
20,"Earthen Rage",DamageAdd,3.0,1200,0,7.9,14,23,23
21,"Buffer of Earth",ArmorAbsorptionBuff,3.0,1200,0,0.0,0,21,21
22,"Buffer of Stone",ArmorAbsorptionBuff,3.0,1200,0,0.0,0,22,22
51,"Minor Shield of Magma",DamageShield,4.0,1200,0,0.7,14,51,51
52,"Shield of Magma",DamageShield,4.0,1200,0,1.1,14,52,52
53,"Greater Shield of Magma",DamageShield,4.0,1200,0,1.4,14,53,53
54,"Minor Shell of Magma",DamageShield,4.0,1200,0,1.9,14,54,54
55,"Shell of Magma",DamageShield,4.0,1200,0,2.6,14,55,55
56,"Greater Shell of Magma",DamageShield,4.0,1200,0,3.6,14,56,56
57,"Exalted Magma Shield",DamageShield,4.0,1200,0,4.6,14,57,57
61,"Bolt of Lava",Bolt,2.5,0,20,15.0,14,61,61
62,"Bolt of Lava (Enhanced)",Bolt,2.5,0,20,29.0,14,62,62
63,"Lava Strike",Bolt,2.5,0,20,52.0,14,63,63
64,"Lava Strike (Enhanced)",Bolt,2.5,0,20,81.0,14,64,64
65,"Lava Force",Bolt,2.5,0,20,118.0,14,65,65
66,"Lava Force (Enhanced)",Bolt,2.5,0,20,162.0,14,66,66
67,"Lava Streak",Bolt,2.5,0,20,206.0,14,67,67
68,"Lava Streak (Enhanced)",Bolt,2.5,0,20,258.0,14,68,68
69,"Lava's Fury",Bolt,2.5,0,20,309.0,14,69,69
71,"Molten Earth",DamageSpeedDecrease,3.0,30,0,25.0,14,71,71
72,"Lava Field",DamageSpeedDecrease,3.0,30,0,31.0,14,72,72
73,"Expanse of Magma",DamageSpeedDecrease,3.0,30,0,44.0,14,73,73
74,"Molten Puddle",DamageSpeedDecrease,3.0,30,0,56.0,14,74,74
75,"Molten Pool",DamageSpeedDecrease,3.0,30,0,81.0,14,75,75
76,"Molten Lake",DamageSpeedDecrease,3.0,30,0,102.0,14,76,76
77,"Molten Ocean",DamageSpeedDecrease,3.0,30,0,134.0,14,77,77
78,"Trembling Earth",SpeedDecrease,2.5,26,0,0.0,14,78,213
79,"Quaking Earth",SpeedDecrease,2.5,51,0,0.0,14,79,213
80,"Buckling Earth",SpeedDecrease,2.5,64,0,0.0,14,80,213
81,"Earth Eddies",DirectDamage,3.0,0,6,68.0,14,81,81
82,"Earth Splash",DirectDamage,3.0,0,6,92.0,14,82,82
83,"Earth Ripple",DirectDamage,3.0,0,6,124.0,14,83,83
84,"Earth Wave",DirectDamage,3.0,0,6,155.0,14,84,84
85,"Molten Wrap",DamageOverTime,3.0,24,0,11.0,14,85,85
86,"Greater Molten Wrap",DamageOverTime,3.0,24,0,17.0,14,86,86
87,"Molten Blanket",DamageOverTime,3.0,24,0,29.0,14,87,87
88,"Greater Molten Blanket",DamageOverTime,3.0,24,0,41.0,14,88,88
89,"Sheet of Lava",DamageOverTime,3.0,24,0,53.0,14,89,89
90,"Greater Sheet of Lava",DamageOverTime,3.0,24,0,63.0,14,89,90
91,"Sheet of Magma",DamageOverTime,3.0,24,0,73.0,14,91,91
92,"Greater Sheet of Magma",DamageOverTime,3.0,24,0,87.0,14,92,92
101,"Call Minor Earth Elemental",SummonTheurgistPet,3.0,30,0,-88.0,0,101,101
102,"Call Lesser Earth Elemental",SummonTheurgistPet,3.0,30,0,-88.0,0,102,102
103,"Call Earth Elemental",SummonTheurgistPet,3.0,30,0,-88.0,0,103,103
104,"Call Potent Earth Elemental",SummonTheurgistPet,3.0,30,0,-88.0,0,104,104
105,"Call Mighty Earth Elemental",SummonTheurgistPet,3.0,60,0,-88.0,0,105,105
106,"Call Supreme Earth Elemental",SummonTheurgistPet,3.0,60,0,-88.0,0,106,106
107,"Call Earthlord",SummonTheurgistPet,3.0,60,0,-88.0,0,107,107
111,"Skin of Dust",Bladeturn,4.0,65535,0,0.0,0,111,111
112,"Skin of Sand",Bladeturn,4.0,65535,0,0.0,0,112,112
113,"Skin of Earth",Bladeturn,4.0,65535,0,0.0,0,113,113
114,"Skin of Rock",Bladeturn,4.0,10,0,0.0,0,114,114
115,"Skin of Stone",Bladeturn,4.0,8,0,0.0,0,115,115
116,"Skin of Diamond",Bladeturn,4.0,6,0,0.0,0,116,116
121,"Minor Friction",CombatSpeedDebuff,0.0,120,5,0.0,15,121,121
122,"Lesser Friction",CombatSpeedDebuff,0.0,120,5,0.0,15,122,122
123,Friction,CombatSpeedDebuff,0.0,120,5,0.0,15,123,123
124,"Major Friction",CombatSpeedDebuff,0.0,120,5,0.0,15,124,124
125,"Greater Friction",CombatSpeedDebuff,0.0,120,5,0.0,15,125,125
126,"Superior Friction",CombatSpeedDebuff,0.0,120,5,0.0,15,126,126
127,"Paralyzing Friction",CombatSpeedDebuff,0.0,120,5,0.0,15,127,127
151,"Ice Cloud (Minor)",DirectDamage,2.6,0,0,5.0,11,151,151
152,"Ice Cloud",DirectDamage,2.6,0,0,9.0,11,152,152
153,"Ice Cloud (Greater)",DirectDamage,2.6,0,0,13.0,11,153,153
154,"Ice Cloud (Potent)",DirectDamage,2.6,0,0,25.0,11,154,154
155,"Glittering Ice Cloud (Lesser)",DirectDamage,2.6,0,0,37.0,11,155,155
156,"Glittering Ice Cloud",DirectDamage,2.6,0,0,49.0,11,156,156
157,"Glittering Ice Cloud (Major)",DirectDamage,2.6,0,0,64.0,11,157,157
158,"Ice Blast (Minor)",DirectDamage,2.6,0,0,88.0,11,158,158
159,"Ice Blast",DirectDamage,2.6,0,0,120.0,11,159,159
160,"Ice Blast (Potent)",DirectDamage,2.6,0,0,148.0,11,160,160
161,"Ice Blast (Major)",DirectDamage,2.6,0,0,179.0,11,161,161
171,"Cold's Bitter Grip (Lesser)",SpeedDecrease,2.5,16,0,0.0,11,171,171
172,"Cold's Bitter Grip",SpeedDecrease,2.5,23,0,0.0,11,172,172
173,"Cold's Bitter Grip (Greater)",SpeedDecrease,2.5,30,0,0.0,11,173,173
174,"Fingers Of Ice (Lesser)",SpeedDecrease,2.5,38,0,0.0,11,174,174
175,"Fingers Of Ice",SpeedDecrease,2.5,49,0,0.0,11,175,175
176,"Fingers Of Ice (Greater)",SpeedDecrease,2.5,60,0,0.0,11,176,176
177,"Anchor Of Ice",SpeedDecrease,2.5,73,0,0.0,11,177,177
201,"Burst of Steam  (Minor)",DirectDamage,2.5,0,0,52.0,11,201,201
202,"Burst of Steam",DirectDamage,2.5,0,0,74.0,11,202,202
203,"Steaming Blast (Minor)",DirectDamage,2.5,0,0,104.0,11,203,203
204,"Steaming Blast",DirectDamage,2.5,0,0,133.0,11,204,204
205,"Steaming Blast (Major)",DirectDamage,2.5,0,0,176.0,11,205,205
206,"Steaming Wind (Minor)",DirectDamage,2.5,0,0,214.0,11,206,206
207,"Steaming Wind",DirectDamage,2.5,0,0,265.0,11,207,207
208,"Steaming Wind (Major)",DirectDamage,2.5,0,0,325.0,11,208,208
211,"Ensnaring Haze (Minor)",DamageSpeedDecrease,3.0,30,0,5.0,11,211,221
212,"Ensnaring Haze (Lesser)",DamageSpeedDecrease,3.0,30,0,21.0,11,212,222
213,"Ensnaring Haze",DamageSpeedDecrease,3.0,30,0,37.0,11,213,223
214,"Ensnaring Haze (Greater)",DamageSpeedDecrease,3.0,30,0,49.0,11,214,224
215,"Ensnaring Haze (Potent)",DamageSpeedDecrease,3.0,30,0,64.0,11,215,225
216,"Entangling Haze (Minor)",DamageSpeedDecrease,3.0,30,0,88.0,11,216,226
217,"Entangling Haze",DamageSpeedDecrease,3.0,30,0,120.0,11,217,227
218,"Entangling Haze (Greater)",DamageSpeedDecrease,3.0,30,0,148.0,11,218,228
219,"Entangling Haze (Potent)",DamageSpeedDecrease,3.0,30,0,179.0,11,219,228
221,"Searing Wind (Minor)",DirectDamageWithDebuff,3.0,20,0,13.0,11,221,221
222,"Searing Wind (Lesser)",DirectDamageWithDebuff,3.0,20,0,25.0,11,222,222
223,"Searing Wind",DirectDamageWithDebuff,3.0,20,0,45.0,11,223,223
224,"Searing Gust (Minor)",DirectDamageWithDebuff,3.0,20,0,61.0,11,224,224
225,"Searing Gust",DirectDamageWithDebuff,3.0,20,0,76.0,11,225,225
226,"Searing Wave (Minor)",DirectDamageWithDebuff,3.0,20,0,100.0,11,226,226
227,"Searing Wave",DirectDamageWithDebuff,3.0,20,0,136.0,11,227,227
228,"Searing Blast",DirectDamageWithDebuff,3.0,20,0,171.0,11,228,228
231,"Simmering Cloud",DirectDamageWithDebuff,3.0,20,0,25.0,11,231,231
232,"Broiling Cloud",DirectDamageWithDebuff,3.0,20,0,40.0,11,232,232
233,"Sweltering Cloud",DirectDamageWithDebuff,3.0,20,0,62.0,11,233,233
234,"Burning Cloud",DirectDamageWithDebuff,3.0,20,0,84.0,11,234,234
235,"Torrid Cloud",DirectDamageWithDebuff,3.0,20,0,102.0,11,235,235
236,"Boiling Cloud",DirectDamageWithDebuff,3.0,20,0,130.0,11,236,236
251,"Frost Blast",DamageSpeedDecrease,3.0,30,0,9.0,11,251,251
252,"Chilling Blast",DamageSpeedDecrease,3.0,30,0,21.0,11,252,252
253,"Frigid Blast",DamageSpeedDecrease,3.0,30,0,37.0,11,253,253
254,"Snow Blast",DamageSpeedDecrease,3.0,30,0,45.0,11,254,254
255,"Ice Blast",DamageSpeedDecrease,3.0,30,0,64.0,11,255,255
256,"Winter Blast",DamageSpeedDecrease,3.0,30,0,88.0,11,256,256
257,"Auroral Blast",DamageSpeedDecrease,3.0,30,0,120.0,11,257,257
258,"Hibernal Blast",DamageSpeedDecrease,3.0,30,0,148.0,11,258,258
259,"Arctic Blast",DamageSpeedDecrease,3.0,30,0,179.0,11,259,259
261,"Summon Minor Ice Spirit",SummonTheurgistPet,3.0,25,0,-88.0,0,261,261
262,"Summon Lesser Ice Spirit",SummonTheurgistPet,3.0,25,0,-88.0,0,262,262
263,"Summon Ice Spirit",SummonTheurgistPet,3.0,25,0,-88.0,0,263,263
264,"Summon Aged Ice Spirit",SummonTheurgistPet,3.0,25,0,-88.0,0,264,264
265,"Summon Elder Ice Spirit",SummonTheurgistPet,3.0,25,0,-88.0,0,264,265
266,"Summon Ice Elemental",SummonTheurgistPet,3.0,25,0,-88.0,0,264,265
267,"Summon Aged Ice Elemental",SummonTheurgistPet,3.0,25,0,-88.0,0,265,265
271,"Field of Frost",SpeedDecrease,2.5,15,0,0.0,11,271,271
272,"Field of Slush",SpeedDecrease,2.5,23,0,0.0,11,272,272
273,"Field of Snow",SpeedDecrease,2.5,30,0,0.0,11,273,273
274,"Field of Ice",SpeedDecrease,2.5,36,0,0.0,11,274,274
275,"Floe of Snow",SpeedDecrease,2.5,49,0,0.0,11,275,275
276,"Floe of Ice",SpeedDecrease,2.5,60,0,0.0,11,276,276
277,"Expanse of Ice",SpeedDecrease,2.5,73,0,0.0,11,277,277
301,"Summon Fire",DirectDamage,2.6,0,0,13.0,13,301,301
302,"Fire Wind",DirectDamage,2.6,0,0,21.0,13,302,302
303,"Circle Of Flames",DirectDamage,2.6,0,0,29.0,13,303,303
304,"Fiery Orbs",DirectDamage,2.6,0,0,37.4,13,304,304
305,"Fire Storm (Minor)",DirectDamage,2.6,0,0,49.0,13,305,305
306,"Fire Storm",DirectDamage,2.6,0,0,64.0,13,306,306
307,"Fire Storm (Major)",DirectDamage,2.6,0,0,85.0,13,307,307
308,"Fiery Maelstrom (Minor)",DirectDamage,2.6,0,0,108.0,13,308,308
309,"Fiery Maelstrom",DirectDamage,2.6,0,0,136.0,13,309,309
310,"Fiery Maelstrom (Major)",DirectDamage,2.6,0,0,171.0,13,310,310
311,"Fire Bolt",Bolt,2.5,0,20,13.0,13,311,311
312,"Fiery Bolt",Bolt,2.5,0,20,24.0,13,312,312
313,Fireball,Bolt,2.5,0,20,36.0,13,313,313
314,"Reign of Fire (Minor)",Bolt,2.5,0,20,53.0,13,314,314
315,"Reign of Fire",Bolt,2.5,0,20,75.0,13,315,315
316,"Reign of Fire (Major)",Bolt,2.5,0,20,98.0,13,316,316
317,"Flaming Rocks (Minor)",Bolt,2.5,0,20,115.0,13,317,317
318,"Flaming Rock",Bolt,2.5,0,20,149.0,13,318,318
319,"Flaming Rocks (Greater)",Bolt,2.5,0,20,188.0,13,319,319
320,"Flaming Rocks (Major)",Bolt,2.5,0,20,239.0,13,320,320
321,"Aura of Incineration",Bladeturn,4.0,1200,0,0.0,0,321,321
351,"Minor Combustion",DirectDamage,2.8,0,0,5.0,13,351,351
352,"Lesser Combustion",DirectDamage,2.8,0,0,16.0,13,352,352
353,Combustion,DirectDamage,2.8,0,0,31.0,13,353,353
354,"Greater Combustion",DirectDamage,2.8,0,0,46.0,13,354,354
355,"Major Combustion",DirectDamage,2.8,0,0,62.0,13,355,355
356,"Minor Conflagration",DirectDamage,2.8,0,0,81.0,13,356,356
357,"Lesser Conflagration",DirectDamage,2.8,0,0,108.0,13,357,357
358,Conflagration,DirectDamage,2.8,0,0,137.0,13,358,358
359,"Greater Conflagration",DirectDamage,2.8,0,0,173.0,13,359,359
360,"Major Conflagration",DirectDamage,2.8,0,0,219.0,13,360,360
361,"Explosive Blast (Minor)",DirectDamage,3.0,0,0,8.0,13,361,361
362,"Explosive Blast",DirectDamage,3.0,0,0,20.0,13,362,362
363,"Explosive Burst (Minor)",DirectDamage,3.0,0,0,28.0,13,363,363
364,"Explosive Burst",DirectDamage,3.0,0,0,44.0,13,364,364
365,"Concussive Blast (Minor)",DirectDamage,3.0,0,0,67.0,13,365,365
366,"Concussive Blast",DirectDamage,3.0,0,0,87.0,13,366,366
367,"Ebullient Blast (Minor)",DirectDamage,3.0,0,0,115.0,13,367,367
368,"Ebullient Blast",DirectDamage,3.0,0,0,158.0,13,368,368
371,"Minor Fire Streak",Bolt,2.5,0,20,29.0,13,371,371
372,"Fire Streak",Bolt,2.5,0,20,59.0,13,372,372
373,"Minor Flame Streak",Bolt,2.5,0,20,96.0,13,373,373
374,"Flame Streak",Bolt,2.5,0,20,133.0,13,374,374
375,"Minor Incendiary Lance",Bolt,2.5,0,20,170.0,13,375,375
376,"Incendiary Lance",Bolt,2.5,0,20,221.0,13,376,376
377,"Minor Flame Spear",Bolt,2.5,0,20,273.0,13,377,377
378,"Flame Spear",Bolt,2.5,0,20,331.0,13,378,378
401,"Bolstering Gust (Minor)",CombatSpeedBuff,3.5,1200,0,0.0,0,401,401
402,"Bolstering Gust",CombatSpeedBuff,3.5,1200,0,0.0,0,402,402
403,"Bolstering Gust (Major)",CombatSpeedBuff,3.5,1200,0,0.0,0,403,403
404,"Bolstering Storm (Minor)",CombatSpeedBuff,3.5,1200,0,0.0,0,404,404
405,"Bolstering Storm",CombatSpeedBuff,3.5,1200,0,0.0,0,405,405
406,"Bolstering Storm (Major)",CombatSpeedBuff,3.5,1200,0,0.0,0,406,406
407,"Bolstering Storm (Greater)",CombatSpeedBuff,3.5,1200,0,0.0,0,407,407
411,"Brisk Wind (Minor)",SpeedEnhancement,3.0,6,0,0.0,0,411,411
412,"Brisk Wind",SpeedEnhancement,3.0,6,0,0.0,0,412,412
413,"Lissome Wind (Minor)",SpeedEnhancement,3.0,6,0,0.0,0,413,413
414,"Lissome Wind",SpeedEnhancement,3.0,6,0,0.0,0,414,414
415,"Lissome Wind (Major)",SpeedEnhancement,3.0,6,0,0.0,0,415,415
451,"Call Lesser Air Sprite",SummonTheurgistPet,3.0,20,0,-88.0,0,451,451
452,"Call Minor Air Sprite",SummonTheurgistPet,3.0,20,0,-88.0,0,452,452
453,"Call Air Sprite",SummonTheurgistPet,3.0,20,0,-88.0,0,453,453
454,"Call Potent Air Sprite",SummonTheurgistPet,3.0,20,0,-88.0,0,454,454
455,"Call Mighty Air Sprite",SummonTheurgistPet,3.0,20,0,-88.0,0,455,455
461,"Confusing Gust (Minor)",Mesmerize,3.0,10,0,0.0,15,461,461
462,"Confusing Gust",Mesmerize,3.0,14,0,0.0,15,462,462
463,"Confusing Gust (Major)",Mesmerize,3.0,18,0,0.0,15,463,463
464,"Confusing Wind (Minor)",Mesmerize,3.0,23,0,0.0,15,464,464
465,"Confusing Wind",Mesmerize,3.0,27,0,0.0,15,465,465
466,"Confusing Storm",Mesmerize,3.0,32,0,0.0,15,466,466
471,"Blasting Breeze",DirectDamage,2.8,0,0,10.0,15,471,471
472,"Blasting Gust",DirectDamage,2.8,0,0,26.0,15,472,472
473,"Blasting Winds",DirectDamage,2.8,0,0,41.0,15,473,473
474,"Blasting Gale",DirectDamage,2.8,0,0,51.0,15,474,474
475,"Blasting Squall",DirectDamage,2.8,0,0,77.0,15,475,475
476,"Blasting Storm",DirectDamage,2.8,0,0,102.0,15,476,476
477,"Blasting Cyclone",DirectDamage,2.8,0,0,133.0,15,477,477
478,"Blasting Tempest",DirectDamage,2.8,0,0,163.0,15,478,478
479,"Blasting Maelstrom",DirectDamage,2.8,0,0,209.0,15,479,479
501,"Ward Blow",BaseArmorFactorBuff,4.0,1200,0,0.0,0,501,501
502,"Fend Blow",BaseArmorFactorBuff,4.0,1200,0,0.0,0,502,502
503,"Dampen Blow",BaseArmorFactorBuff,4.0,1200,0,0.0,0,503,503
504,"Deflect Blow",BaseArmorFactorBuff,4.0,1200,0,0.0,0,504,504
505,"Ward Offense",BaseArmorFactorBuff,4.0,1200,0,0.0,0,505,505
506,"Fend Offense",BaseArmorFactorBuff,4.0,1200,0,0.0,0,506,506
507,"Dampen Offense",BaseArmorFactorBuff,4.0,1200,0,0.0,0,507,507
508,"Deflect Offense",BaseArmorFactorBuff,4.0,1200,0,0.0,0,508,508
509,"Nullify Offense",BaseArmorFactorBuff,4.0,1200,0,0.0,0,509,509
511,"Corrosive Mist",DamageOverTime,3.0,20,0,4.0,14,511,511
512,"Corrosive Fog",DamageOverTime,3.0,20,0,6.0,14,512,512
513,"Corrosive Cloud",DamageOverTime,3.0,20,0,9.0,14,513,513
514,"Corrosive Smoke",DamageOverTime,3.0,20,0,13.0,14,514,514
515,"Dissolving Mist",DamageOverTime,3.0,20,0,17.0,14,515,515
516,"Dissolving Fog",DamageOverTime,3.0,20,0,23.0,14,516,516
517,"Dissolving Cloud",DamageOverTime,3.0,20,0,29.0,14,517,517
518,"Dissolving Smoke",DamageOverTime,3.0,20,0,37.0,14,518,518
519,"Disintegrating Fog",DamageOverTime,3.0,20,0,49.0,14,519,519
520,"Disintegrating Cloud",DamageOverTime,3.0,20,0,63.0,14,520,520
521,"Disintegrating Smoke",DamageOverTime,3.0,20,0,79.0,14,521,521
531,"Barrier of Warding",Bladeturn,4.0,1200,0,0.0,0,531,531
532,"Dampening Ward",ArmorAbsorptionBuff,3.0,1200,0,0.0,0,532,532
533,"Nullifying Ward",ArmorAbsorptionBuff,3.0,1200,0,0.0,0,533,533
535,"Mystic Web",DexterityDebuff,0.0,60,5,0.0,14,535,535
536,"Mystic Trap",DexterityDebuff,0.0,60,5,0.0,14,536,536
537,"Mystic Net",DexterityDebuff,0.0,60,5,0.0,14,537,537
538,"Magical Web",DexterityDebuff,0.0,60,5,0.0,14,538,538
539,"Magical Trap",DexterityDebuff,0.0,60,5,0.0,14,539,539
540,"Magical Net",DexterityDebuff,0.0,60,5,0.0,14,540,540
541,"Sorcerous Web",DexterityDebuff,0.0,60,5,0.0,14,541,541
551,"Lesser Decrepify",DamageOverTime,3.0,24,0,4.0,14,551,551
552,Decrepify,DamageOverTime,3.0,24,0,6.0,14,552,552
553,"Lesser Deterioration",DamageOverTime,3.0,24,0,9.0,14,553,553
554,Deterioration,DamageOverTime,3.0,24,0,13.0,14,554,554
555,"Lesser Contamination",DamageOverTime,3.0,24,0,17.0,14,555,555
556,Contamination,DamageOverTime,3.0,24,0,23.0,14,556,556
557,"Lesser Devolution",DamageOverTime,3.0,24,0,29.0,14,557,557
558,Devolution,DamageOverTime,3.0,24,0,37.0,14,558,558
559,"Lesser Degeneration",DamageOverTime,3.0,24,0,49.0,14,559,559
560,Degeneration,DamageOverTime,3.0,24,0,63.0,14,560,560
561,"Lesser Delaceration",DamageOverTime,3.0,24,0,79.0,14,561,561
562,Delaceration,DamageOverTime,3.0,24,0,89.0,14,562,562
571,"Reflect Attack",DamageShield,2.5,8,0,0.7,14,571,571
572,"Reflect Blow",DamageShield,2.5,8,0,3.0,14,572,572
573,"Reflect Damage",DamageShield,2.5,8,0,4.5,14,573,573
574,"Reflect Offense",DamageShield,2.5,8,0,6.8,14,574,574
575,"Channel Attack",DamageShield,2.5,8,0,10.5,14,575,575
576,"Channel Blow",DamageShield,2.5,8,0,15.1,14,576,576
577,"Channel Damage",DamageShield,2.5,8,0,20.3,14,577,577
578,"Channel Offense",DamageShield,2.5,8,0,27.1,14,578,578
579,"Reflective Backlash",DamageShield,2.5,8,0,33.9,14,579,579
581,"Puncture Spirit",DamageOverTime,3.0,24,0,33.0,14,581,581
582,"Perforate Spirit",DamageOverTime,3.0,24,0,43.0,14,582,582
583,"Bore Spirit",DamageOverTime,3.0,24,0,53.0,14,583,583
584,"Drill Spirit",DamageOverTime,3.0,24,0,65.0,14,584,584
585,"Lance Spirit",DamageOverTime,3.0,24,0,83.0,14,585,585
586,"Encrust Eyes",Nearsight,2.0,120,0,0.0,14,586,586
587,"Obscuring Dust",Nearsight,2.0,120,0,0.0,14,587,587
588,"Clouded Sight",Nearsight,2.0,120,0,0.0,14,588,588
589,"Darkened Cloud",Nearsight,2.0,120,0,0.0,14,589,589
590,"Persistent Obscuration",Nearsight,2.0,120,0,0.0,14,590,590
601,"Lesser Abrasive Force",DamageOverTime,3.0,24,0,2.0,14,601,601
602,"Abrasive Force",DamageOverTime,3.0,24,0,6.0,14,602,602
603,"Lesser Grinding Force",DamageOverTime,3.0,24,0,9.0,14,603,603
604,"Grinding Force",DamageOverTime,3.0,24,0,13.0,14,604,604
605,"Lesser Pounding Force",DamageOverTime,3.0,24,0,17.0,14,605,605
606,"Pounding Force",DamageOverTime,3.0,24,0,23.0,14,606,606
607,"Lesser Crushing Force",DamageOverTime,3.0,24,0,29.0,14,607,607
608,"Crushing Force",DamageOverTime,3.0,24,0,37.0,14,608,608
609,"Lesser Pulverizing Force",DamageOverTime,3.0,24,0,49.0,14,609,609
610,"Pulverizing Force",DamageOverTime,3.0,24,0,63.0,14,610,610
611,"Lesser Disintegrating Force",DamageOverTime,3.0,24,0,79.0,14,611,611
612,"Disintegrating Force",DamageOverTime,3.0,24,0,89.0,14,612,612
621,"Minor Mesh of Force",DexterityQuicknessDebuff,0.0,60,5,0.0,14,621,621
622,"Mesh of Force",DexterityQuicknessDebuff,0.0,60,5,0.0,14,622,622
623,"Major Mesh of Force",DexterityQuicknessDebuff,0.0,60,5,0.0,14,623,623
624,"Minor Net of Force",DexterityQuicknessDebuff,0.0,60,5,0.0,14,624,624
625,"Net of Force",DexterityQuicknessDebuff,0.0,60,5,0.0,14,625,625
626,"Major Net of Force",DexterityQuicknessDebuff,0.0,60,5,0.0,14,626,626
627,"Minor Web of Force",DexterityQuicknessDebuff,0.0,60,5,0.0,14,627,627
628,"Major Web of Force",DexterityQuicknessDebuff,0.0,60,5,0.0,14,628,628
629,"Constricting Field",DexterityQuicknessDebuff,0.0,60,5,0.0,14,629,629
630,"Restraining Field",DexterityQuicknessDebuff,0.0,60,5,0.0,14,630,630
631,"Major Constricting Field",DexterityQuicknessDebuff,0.0,60,5,0.0,14,631,631
632,"Major Restraining Field",DexterityQuicknessDebuff,0.0,60,5,0.0,14,632,632
633,"Lesser Constricting Jolt",DamageSpeedDecrease,3.0,30,0,64.0,14,633,633
634,"Constricting Jolt",DamageSpeedDecrease,3.0,30,0,88.0,14,634,634
635,"Lesser Constricting Force",DamageSpeedDecrease,3.0,30,0,112.0,14,635,635
636,"Constricting Force",DamageSpeedDecrease,3.0,30,0,143.0,14,636,636
637,"Major Constricting Blast",DamageSpeedDecrease,3.0,30,0,179.0,14,637,637
651,"Minor Vitality Drain",Lifedrain,2.5,0,0,5.0,10,651,662
652,"Lesser Vitality Drain",Lifedrain,2.5,0,0,9.0,10,652,662
653,"Vitality Drain",Lifedrain,2.5,0,0,13.0,10,653,662
654,"Greater Vitality Drain",Lifedrain,2.5,0,0,21.0,10,654,662
655,"Major Vitality Drain",Lifedrain,2.5,0,0,29.0,10,655,662
656,"Minor Essence Consumption",Lifedrain,2.5,0,0,37.0,10,656,662
657,"Lesser Essence Consumption",Lifedrain,2.5,0,0,52.0,10,657,662
658,"Essence Consumption",Lifedrain,2.5,0,0,68.0,10,658,662
659,"Greater Essence Consumption",Lifedrain,2.5,0,0,85.0,10,659,662
660,"Major Essence Consumption",Lifedrain,2.5,0,0,104.0,10,660,662
661,"Increased Essence Consumption",Lifedrain,2.5,0,0,128.0,10,661,662
662,"Superior Essence Consumption",Lifedrain,2.5,0,0,164.0,10,662,662
663,"Essence Devourer",Lifedrain,2.5,0,0,179.0,10,662,662
671,"Fatigue Body",StrengthDebuff,0.0,60,5,0.0,10,671,671
672,"Debilitate Body",StrengthDebuff,0.0,60,5,0.0,10,672,672
673,"Weaken Body",StrengthDebuff,0.0,60,5,0.0,10,673,673
674,"Deteriorate Body",StrengthDebuff,0.0,60,5,0.0,10,674,674
675,"Enfeeble Body",StrengthDebuff,0.0,60,5,0.0,10,675,675
676,"Degenerate Body",StrengthDebuff,0.0,60,5,0.0,10,676,676
677,"Cripple Body",StrengthDebuff,0.0,60,5,0.0,10,677,677
678,"Dilapidate Body",StrengthDebuff,0.0,60,5,0.0,10,678,678
682,"Lesser Crippling",SpeedDecrease,2.5,13,0,0.0,10,682,682
683,Cripple,SpeedDecrease,2.5,23,0,0.0,10,683,683
684,"Major Crippling",SpeedDecrease,2.5,31,0,0.0,10,684,684
685,"Greater Crippling",SpeedDecrease,2.5,41,0,0.0,10,685,685
686,"Leg Twist",SpeedDecrease,2.5,48,0,0.0,10,686,686
687,"Greater Leg Twist",SpeedDecrease,2.5,61,0,0.0,10,687,687
688,"Superior Leg Twisting",SpeedDecrease,2.5,73,0,0.0,10,688,688
701,"Remove Lifeforce",Lifedrain,2.5,0,0,4.0,10,701,701
702,"Snatch Lifeforce",Lifedrain,2.5,0,0,21.0,10,702,702
703,"Pilfer Lifeforce",Lifedrain,2.5,0,0,30.0,10,703,703
704,"Drain Lifeforce",Lifedrain,2.5,0,0,39.0,10,704,704
705,"Siphon Lifeforce",Lifedrain,2.5,0,0,55.0,10,705,705
706,"Absorb Lifeforce",Lifedrain,2.5,0,0,72.0,10,706,706
707,"Steal Lifeforce",Lifedrain,2.5,0,0,90.0,10,707,707
708,"Seize Lifeforce",Lifedrain,2.5,0,0,111.0,10,708,708
709,"Capture Lifeforce",Lifedrain,2.5,0,0,136.0,10,709,709
710,"Abduct Lifeforce",Lifedrain,2.5,0,0,174.0,10,710,710
711,"Shift Health",LifeTransfer,3.0,0,0,0.0,0,711,711
712,"Shift Vigor",LifeTransfer,3.0,0,0,0.0,0,712,712
713,"Shift Essence",LifeTransfer,3.0,0,0,0.0,0,713,713
714,"Shift Vitality",LifeTransfer,3.0,0,0,0.0,0,714,714
715,"Shift Spirit",LifeTransfer,3.0,0,0,0.0,0,715,715
716,"Transplace Health",LifeTransfer,3.0,0,0,0.0,0,716,716
717,"Transplace Vigor",LifeTransfer,3.0,0,0,0.0,0,717,717
718,"Transplace Essence",LifeTransfer,3.0,0,0,0.0,0,718,718
719,"Transplace Vitality",LifeTransfer,3.0,0,0,0.0,0,719,719
720,"Transplace Spirit",LifeTransfer,3.0,0,0,0.0,0,720,720
721,"Inflict Malaise",CombatSpeedDebuff,0.0,33,5,0.0,10,721,721
722,"Inflict Greater Malaise",CombatSpeedDebuff,0.0,44,5,0.0,10,722,722
723,"Inflict Suffering",CombatSpeedDebuff,0.0,52,5,0.0,10,723,723
724,"Inflict Greater Suffering",CombatSpeedDebuff,0.0,63,5,0.0,10,724,724
725,"Inflict Misery",CombatSpeedDebuff,0.0,73,5,0.0,10,725,725
726,"Inflict Greater Misery",CombatSpeedDebuff,0.0,86,5,0.0,10,726,726
727,"Inflict Excruciation",CombatSpeedDebuff,0.0,98,5,0.0,10,727,727
728,"Inflict Greater Excruciation",CombatSpeedDebuff,0.0,112,5,0.0,10,728,728
731,"Cursed Vigor",Disease,3.0,60,0,0.0,10,731,731
732,"Cursed Spirit",Disease,3.0,90,0,0.0,10,732,732
733,"Cursed Soul",Disease,3.0,120,0,0.0,10,733,733
734,"Cursed Vitality",Disease,3.0,150,0,0.0,10,734,734
735,"Cursed Essence",Disease,3.0,180,0,0.0,10,735,735
751,"Lesser Mind Jolt",DirectDamage,2.8,0,0,5.0,10,751,751
752,"Mind Jolt",DirectDamage,2.8,0,0,20.0,10,752,752
753,"Lesser Mind Blast",DirectDamage,2.8,0,0,41.0,10,753,753
754,"Mind Blast",DirectDamage,2.8,0,0,56.0,10,754,754
755,"Lesser Mind Scream",DirectDamage,2.8,0,0,77.0,10,755,755
756,"Mind Scream",DirectDamage,2.8,0,0,102.0,10,756,756
757,"Lesser Mind Shriek",DirectDamage,2.8,0,0,133.0,10,757,757
758,"Mind Shriek",DirectDamage,2.8,0,0,163.0,10,758,758
759,"Mind Flay",DirectDamage,2.8,0,0,209.0,10,759,759
761,"Minor Imbalance",DexterityQuicknessDebuff,0.0,60,5,0.0,10,761,761
762,"Lesser Imbalance",DexterityQuicknessDebuff,0.0,60,5,0.0,10,762,762
763,Imbalance,DexterityQuicknessDebuff,0.0,60,5,0.0,10,763,763
764,"Greater Imbalance",DexterityQuicknessDebuff,0.0,60,5,0.0,10,764,764
765,"Major Imbalance",DexterityQuicknessDebuff,0.0,60,5,0.0,10,765,765
766,"Critical Imbalance",DexterityQuicknessDebuff,0.0,60,5,0.0,10,766,766
767,"Superior Imbalance",DexterityQuicknessDebuff,0.0,60,5,0.0,10,767,767
771,"Lesser Body Lock",SpeedDecrease,2.5,36,0,0.0,10,771,771
772,"Body Lock",SpeedDecrease,2.5,49,0,0.0,10,772,772
773,"Greater Body Lock",SpeedDecrease,2.5,60,0,0.0,10,773,773
774,"Superior Body Lock",SpeedDecrease,2.5,73,0,0.0,10,774,774
775,"Illusions of Flame",HeatResistDebuff,2.0,15,0,0.0,13,775,775
776,"Visions of Flame",HeatResistDebuff,2.0,15,0,0.0,13,776,776
777,"Dreams of Flame",HeatResistDebuff,2.0,15,0,0.0,13,777,777
778,"Illusions of Winter",ColdResistDebuff,2.0,15,0,0.0,11,778,778
779,"Visions of Winter",ColdResistDebuff,2.0,15,0,0.0,11,779,779
780,"Dreams of Winter",ColdResistDebuff,2.0,15,0,0.0,11,780,780
781,"Illusions of the Wastes",MatterResistDebuff,2.0,15,0,0.0,14,781,781
782,"Visions of the Wastes",MatterResistDebuff,2.0,15,0,0.0,14,782,782
783,"Dreams of the Wastes",MatterResistDebuff,2.0,15,0,0.0,14,783,783
801,"Amber Simulacrum",SummonSimulacrum,6.0,65535,0,-88.0,0,801,801
802,"Ruby Simulacrum",SummonSimulacrum,6.0,65535,0,-88.0,0,802,802
803,"Sapphire Simulacrum",SummonSimulacrum,6.0,65535,0,-88.0,0,803,803
804,"Emerald Simulacrum",SummonSimulacrum,6.0,65535,0,-88.0,0,804,804
805,"Jade Simulacrum",SummonSimulacrum,6.0,65535,0,-88.0,0,805,805
811,"Strengthen Spirit",StrengthBuff,3.0,1200,0,0.0,0,811,811
812,"Enhance Spirit",StrengthBuff,3.0,1200,0,0.0,0,812,812
813,"Imbue Spirit",StrengthBuff,3.0,1200,0,0.0,0,813,813
814,"Amplify Spirit",StrengthBuff,3.0,1200,0,0.0,0,814,814
815,"Intensify Spirit",StrengthBuff,3.0,1200,0,0.0,0,815,815
816,"Magnify Spirit",StrengthBuff,3.0,1200,0,0.0,0,816,816
817,"Empower Spirit",StrengthBuff,3.0,1200,0,0.0,0,817,817
821,"Mend Simulacrum",Heal,3.0,0,0,0.0,0,821,821
822,"Patch Simulacrum",Heal,3.0,0,0,0.0,0,822,822
823,"Repair Simulacrum",Heal,3.0,0,0,0.0,0,823,823
824,"Restore Simulacrum",Heal,3.0,0,0,0.0,0,824,824
825,"Reconstruct Simulacrum",Heal,3.0,0,0,0.0,0,825,825
826,"Reanimate Simulacrum",Heal,3.0,0,0,0.0,0,826,826
827,"Rebuild Simulacrum",Heal,3.0,0,0,0.0,0,827,827
831,"Improve Dexterity",DexterityBuff,3.0,1200,0,0.0,0,831,831
832,"Develop Dexterity",DexterityBuff,3.0,1200,0,0.0,0,832,832
833,"Increase Dexterity",DexterityBuff,3.0,1200,0,0.0,0,833,833
834,"Enhance Dexterity",DexterityBuff,3.0,1200,0,0.0,0,834,834
835,"Amplify Dexterity",DexterityBuff,3.0,1200,0,0.0,0,835,835
836,"Augment Dexterity",DexterityBuff,3.0,1200,0,0.0,0,836,836
837,"Magnify Dexterity",DexterityBuff,3.0,1200,0,0.0,0,837,837
851,"Detect Flaw",DamageAdd,3.0,1200,0,1.2,15,851,851
852,"Find Flaw",DamageAdd,3.0,1200,0,1.9,15,852,852
853,"Discover Flaw",DamageAdd,3.0,1200,0,2.6,15,853,853
854,"Expose Flaw",DamageAdd,3.0,1200,0,3.3,15,854,854
855,"Pinpoint Flaw",DamageAdd,3.0,1200,0,4.5,15,855,855
856,"Illuminate Flaw",DamageAdd,3.0,1200,0,5.7,15,856,856
857,"Unveil Flaw",DamageAdd,3.0,1200,0,7.2,15,857,857
858,"Pierce Flaw",DamageAdd,3.0,1200,0,9.1,15,858,858
859,"Exploit Flaw",DamageAdd,3.0,1200,0,11.5,15,859,859
861,"Encourage Aggression",CombatSpeedBuff,3.5,1200,0,0.0,0,861,861
862,"Enhance Aggression",CombatSpeedBuff,3.5,1200,0,0.0,0,862,862
863,"Amplify Aggression",CombatSpeedBuff,3.5,1200,0,0.0,0,863,863
864,"Increase Aggression",CombatSpeedBuff,3.5,1200,0,0.0,0,864,864
865,"Excite Aggression",CombatSpeedBuff,3.5,1200,0,0.0,0,865,865
866,"Magnify Aggression",CombatSpeedBuff,3.5,1200,0,0.0,0,866,866
867,"Overcharge Aggression",CombatSpeedBuff,3.5,1200,0,0.0,0,867,867
868,"Convert Spirit",PetConversion,3.0,0,0,0.0,15,868,868
873,"Constrict Spirit",SpeedDecrease,2.5,70,0,0.0,15,873,873
874,"Encase Spirit",SpeedDecrease,2.5,82,0,0.0,15,874,874
875,"Imprison Spirit",SpeedDecrease,2.5,96,0,0.0,15,875,875
876,"Shackle Spirit",SpeedDecrease,2.5,114,0,0.0,15,876,876
877,"Diminish Immunities",BodyResistDebuff,2.0,8,0,0.0,10,877,877
878,"Dissipate Immunities",BodyResistDebuff,2.0,8,0,0.0,10,878,878
879,"Banish Immunities",BodyResistDebuff,2.0,8,0,0.0,10,879,879
880,"Diminish Will",SpiritResistDebuff,2.0,15,0,0.0,15,880,880
881,"Dissipate Will",SpiritResistDebuff,2.0,15,0,0.0,15,881,881
882,"Banish Will",SpiritResistDebuff,2.0,15,0,0.0,15,882,882
883,"Diminish Conductivity",EnergyResistDebuff,2.0,15,0,0.0,12,883,883
884,"Dissipate Conductivity",EnergyResistDebuff,2.0,15,0,0.0,12,884,884
885,"Banish Conductivity",EnergyResistDebuff,2.0,15,0,0.0,12,885,885
886,"Strengthen Golem",StrengthConstitutionBuff,3.0,1200,0,0.0,0,886,886
887,"Invigorate Golem",StrengthConstitutionBuff,3.0,1200,0,0.0,0,887,887
888,"Foritify Golem",StrengthConstitutionBuff,3.0,1200,0,0.0,0,888,888
889,"Empower Golem",StrengthConstitutionBuff,3.0,1200,0,0.0,0,889,889
890,"Vivify Golem",StrengthConstitutionBuff,3.0,1200,0,0.0,0,890,890
891,"Hurry Golem",DexterityQuicknessBuff,3.0,1200,0,0.0,0,891,891
892,"Animate Golem",DexterityQuicknessBuff,3.0,1200,0,0.0,0,892,892
893,"Quicken Golem",DexterityQuicknessBuff,3.0,1200,0,0.0,0,893,893
894,"Accelerate Golem",DexterityQuicknessBuff,3.0,1200,0,0.0,0,894,894
895,"Tracker Enhancement",SpeedEnhancement,3.0,1200,0,0.0,0,895,895
896,"Chaser Enhancement",SpeedEnhancement,3.0,1200,0,0.0,0,896,896
897,"Pursuer Enhancement",SpeedEnhancement,3.0,1200,0,0.0,0,897,897
901,"Confuse Mind",Confusion,2.5,14,0,0.0,12,901,901
902,"Befuddle Mind",Confusion,2.5,24,0,0.0,12,902,902
903,"Obscure Mind",Confusion,2.5,36,0,0.0,12,903,903
904,"Mystify Mind",Confusion,2.5,50,0,0.0,12,904,904
905,"Muddle Mind",Confusion,2.5,64,0,0.0,12,905,905
906,"Perplex Mind",Confusion,2.5,78,0,0.0,12,906,906
907,"Darken Mind",Confusion,2.5,92,0,0.0,12,907,907
908,"Paradox Mind",Confusion,2.5,106,0,0.0,12,908,908
911,"Minor Mesmerization",Mesmerize,3.0,16,0,0.0,12,911,911
912,"Lesser Mesmerization",Mesmerize,3.0,21,0,0.0,12,912,912
913,Mesmerization,Mesmerize,3.0,26,0,0.0,12,913,913
914,"Major Mesmerization",Mesmerize,3.0,34,0,0.0,12,914,914
915,"Greater Mesmerization",Mesmerize,3.0,44,0,0.0,12,915,915
916,Fascination,Mesmerize,3.0,55,0,0.0,12,916,916
917,"Greater Fascination",Mesmerize,3.0,67,0,0.0,12,917,917
918,"Superior Fascination",Mesmerize,3.0,80,0,0.0,12,918,918
921,"Inflict Minor Forgetfulness",Amnesia,2.0,0,0,0.0,0,921,921
922,"Inflict Forgetfulness",Amnesia,2.0,0,0,0.0,0,922,922
923,"Inflict Minor Amnesia",Amnesia,2.0,0,0,0.0,0,923,923
924,"Inflict Amnesia",Amnesia,2.0,0,0,0.0,0,924,924
925,"Inflict Oblivion",Amnesia,2.0,0,0,0.0,0,925,925
931,"Amplify Movement",SpeedEnhancement,3.0,6,0,0.0,0,931,931
932,"Amplify Running",SpeedEnhancement,3.0,6,0,0.0,0,932,932
933,"Amplify Coordination",SpeedEnhancement,3.0,6,0,0.0,0,933,933
934,"Amplify Equilibrium",SpeedEnhancement,3.0,6,0,0.0,0,934,934
935,"Amplify Balance",SpeedEnhancement,3.0,6,0,0.0,0,935,935
936,"Clear Mind",CureMezz,3.0,0,0,0.0,0,936,936
951,"Persuade Will",Charm,4.0,65535,0,100.0,12,951,951
952,"Coerce Will",Charm,4.0,65535,0,100.0,12,952,952
953,"Compel Will",Charm,4.0,65535,0,100.0,12,953,953
954,"Control Will",Charm,4.0,65535,0,100.0,12,954,954
955,"Wrest Will",Charm,4.0,65535,0,100.0,12,955,955
961,"Banish Will",StrengthConstitutionDebuff,0.0,60,5,0.0,12,961,961
962,"Banish Motivation",StrengthConstitutionDebuff,0.0,60,5,0.0,12,962,962
963,"Banish Conviction",StrengthConstitutionDebuff,0.0,60,5,0.0,12,963,963
964,"Banish Dedication",StrengthConstitutionDebuff,0.0,60,5,0.0,12,964,964
965,"Banish Faith",StrengthConstitutionDebuff,0.0,60,5,0.0,12,965,965
966,"Banish Confidence",StrengthConstitutionDebuff,0.0,60,5,0.0,12,966,966
967,"Banish Hope",StrengthConstitutionDebuff,0.0,60,5,0.0,12,967,967
971,"Fog of Senility",Mesmerize,3.0,20,0,0.0,12,971,971
972,"Blanket of Senility",Mesmerize,3.0,33,0,0.0,12,972,972
973,"Cloud of Senility",Mesmerize,3.0,46,0,0.0,12,973,973
974,"Veil of Senility",Mesmerize,3.0,59,0,0.0,12,974,974
975,"Shroud of Senility",Mesmerize,3.0,72,0,0.0,12,975,975
976,"Comprehension of Power",PowerRegenBuff,3.0,1200,0,0.0,0,976,976
977,"Perception of Power",PowerRegenBuff,3.0,1200,0,0.0,0,977,977
978,"Perspicuity of Power",PowerRegenBuff,3.0,1200,0,0.0,0,978,978
979,"Cognition of Power",PowerRegenBuff,3.0,1200,0,0.0,0,979,979
980,"Lucidity of Power",PowerRegenBuff,3.0,1200,0,0.0,0,980,980
981,"Shield Mind",MesmerizeDurationBuff,4.0,1200,0,0.0,12,981,981
982,"Harden Mind",MesmerizeDurationBuff,4.0,1200,0,0.0,12,982,982
983,"Steel Mind",MesmerizeDurationBuff,4.0,1200,0,0.0,12,983,983
984,"Invulnerable Mind",MesmerizeDurationBuff,4.0,1200,0,0.0,12,984,984
985,"Solidarity of Mind",MesmerizeDurationBuff,4.0,10,0,0.0,12,985,985
986,"Unity of Mind",MesmerizeDurationBuff,4.0,10,0,0.0,12,986,986
987,"Brotherhood of the Mind",MesmerizeDurationBuff,4.0,10,0,0.0,12,987,987
1001,"Aura of Protection",PaladinArmorFactorBuff,4.0,1200,0,0.0,1,1001,1001
1002,"Aura of Deflection",PaladinArmorFactorBuff,4.0,1200,0,0.0,1,1002,1002
1003,"Aura of Safety",PaladinArmorFactorBuff,4.0,1200,0,0.0,1,1003,1003
1004,"Aura of Defense",PaladinArmorFactorBuff,4.0,1200,0,0.0,1,1004,1004
1005,"Aura of Indestructability",PaladinArmorFactorBuff,4.0,1200,0,0.0,1,1005,1005
1006,"Aura of Invincibility",PaladinArmorFactorBuff,4.0,1200,0,0.0,1,1006,1006
1007,"Aura of Salvation",PaladinArmorFactorBuff,4.0,1200,0,0.0,1,1007,1007
1008,"Minor Refreshment",CombatHeal,0.0,6,8,0.0,0,1009,1009
1009,"Lesser Refreshment",CombatHeal,0.0,6,8,0.0,0,1009,1009
1010,Refreshment,CombatHeal,0.0,6,8,0.0,0,1010,1010
1011,"Major Refreshment",CombatHeal,0.0,6,8,0.0,0,1011,1011
1012,"Greater Refreshment",CombatHeal,0.0,6,8,0.0,0,1012,1012
1013,"Crusader's Refreshment",CombatHeal,0.0,6,8,0.0,0,1013,1013
1014,"Saint's Refreshment",CombatHeal,0.0,6,8,0.0,0,1014,1014
1015,"Angel's Refreshment",CombatHeal,0.0,6,8,0.0,0,1015,1015
1016,"Archangel's Refreshment",CombatHeal,0.0,6,8,0.0,0,1016,1016
1021,"Battle Fervor",DamageAdd,0.0,6,8,1.0,10,1021,1021
1022,"Greater Battle Fervor",DamageAdd,0.0,6,8,1.6,10,1022,1022
1023,"Battle Vigor",DamageAdd,0.0,6,8,2.1,10,1023,1023
1024,"Greater Battle Vigor",DamageAdd,0.0,6,8,2.8,10,1024,1024
1025,"Battle Fury",DamageAdd,0.0,6,8,3.7,10,1025,1025
1026,"Greater Battle Fury",DamageAdd,0.0,6,8,4.8,10,1026,1026
1027,"Battle Zeal",DamageAdd,0.0,6,8,6.0,10,1027,1027
1028,"Greater Battle Zeal",DamageAdd,0.0,6,8,7.5,10,1028,1028
1031,"Crusader's Ward",SpecArmorFactorBuff,0.0,6,8,0.0,2,1031,1031
1032,"Crusader's Shield",SpecArmorFactorBuff,0.0,6,8,0.0,2,1032,1032
1033,"Crusader's Guard",SpecArmorFactorBuff,0.0,6,8,0.0,2,1033,1033
1034,"Crusader's Barrier",SpecArmorFactorBuff,0.0,6,8,0.0,2,1034,1034
1035,"Crusader's Defense",SpecArmorFactorBuff,0.0,6,8,0.0,2,1035,1035
1036,"Crusader's Shelter",SpecArmorFactorBuff,0.0,6,8,0.0,2,1036,1036
1037,"Crusader's Protection",SpecArmorFactorBuff,0.0,6,8,0.0,2,1037,1037
1038,"Crusader's Mantle",SpecArmorFactorBuff,0.0,6,8,0.0,2,1038,1038
1041,Revive,Resurrect,4.0,0,0,0.0,0,1041,1041
1051,"Body Ward",BodyResistBuff,0.0,5,8,0.0,0,1051,1051
1052,"Body Shield",BodyResistBuff,0.0,5,8,0.0,0,1052,1052
1053,"Mind Ward",SpiritResistBuff,0.0,5,8,0.0,0,1053,1053
1054,"Mind Shield",SpiritResistBuff,0.0,5,8,0.0,0,1054,1054
1055,"Energy Ward",EnergyResistBuff,0.0,5,8,0.0,0,1055,1055
1056,"Energy Shield",EnergyResistBuff,0.0,5,8,0.0,0,1056,1056
1057,"Heat Ward",HeatResistBuff,0.0,5,8,0.0,0,1057,1057
1058,"Heat Shield",HeatResistBuff,0.0,5,8,0.0,0,1058,1058
1059,"Cold Ward",ColdResistBuff,0.0,5,8,0.0,0,1059,1059
1060,"Cold Shield",ColdResistBuff,0.0,5,8,0.0,0,1060,1060
1061,"Earth Ward",MatterResistBuff,0.0,5,8,0.0,0,1061,1061
1062,"Earth Shield",MatterResistBuff,0.0,5,8,0.0,0,1062,1062
1070,Provoke,Taunt,0.0,0,30,0.0,10,1070,1070
1071,Aggravate,Taunt,0.0,0,30,0.0,10,1071,1071
1072,Enrage,Taunt,0.0,0,30,0.0,10,1072,1072
1073,Infuriate,Taunt,0.0,0,30,0.0,10,1073,1073
1081,"Chant of Endurance",EnduranceRegenBuff,0.0,5,0,0.0,0,1081,1081
1082,"Chant of Stamina",EnduranceRegenBuff,0.0,5,0,0.0,0,1082,1082
1083,"Chant of Persistence",EnduranceRegenBuff,0.0,5,0,0.0,0,1083,1083
1084,"Chant of Resilience",EnduranceRegenBuff,0.0,5,0,0.0,0,1084,1084
1085,"Chant of Perseverance",EnduranceRegenBuff,0.0,5,0,0.0,0,1085,1085
1091,"Elemental Ward",HeatColdMatterBuff,0.0,5,8,0.0,0,1091,1091
1092,"Elemental Shield",HeatColdMatterBuff,0.0,5,8,0.0,0,1092,1092
1093,"Soul Ward",BodySpiritEnergyBuff,0.0,5,8,0.0,0,1093,1093
1094,"Soul Shield",BodySpiritEnergyBuff,0.0,5,8,0.0,0,1094,1094
1101,"Motivational Chant",SpeedEnhancement,3.0,6,0,0.0,0,3608,1101
1102,"Motivational Song",SpeedEnhancement,3.0,6,0,0.0,0,3609,1102
1103,"Motivational Hymn",SpeedEnhancement,3.0,6,0,0.0,0,3610,1103
1104,"Motivational Strains",SpeedEnhancement,3.0,6,0,0.0,0,3611,1104
1105,"Motivational Anthem",SpeedEnhancement,3.0,6,0,0.0,0,3612,1105
1111,"Song of Minor Renewal",HealthRegenBuff,3.0,6,0,0.0,0,1111,1111
1112,"Song of Renewal",HealthRegenBuff,2.0,6,0,0.0,0,1112,1112
1113,"Song of Minor Healing",HealthRegenBuff,3.0,6,0,0.0,0,1113,1113
1114,"Song of Healing",HealthRegenBuff,3.0,6,0,0.0,0,1114,1114
1115,"Song of Minor Regeneration",HealthRegenBuff,3.0,6,0,0.0,0,1115,1115
1116,"Song of Regeneration",HealthRegenBuff,3.0,6,0,0.0,0,1116,1116
1117,"Song of Minor Rejuvenation",HealthRegenBuff,3.0,6,0,0.0,0,1117,1117
1118,"Song of Rejuvenation",HealthRegenBuff,3.0,6,0,0.0,0,1118,1118
1121,"Song of Power",PowerRegenBuff,3.0,6,0,0.0,0,5171,1121
1122,"Song of Energy",PowerRegenBuff,3.0,6,0,0.0,0,5172,1122
1123,"Song of Clarity",PowerRegenBuff,3.0,6,0,0.0,0,5173,1123
1124,"Song of the Mind",PowerRegenBuff,3.0,6,0,0.0,0,5174,1124
1125,"Song of Empowering",PowerRegenBuff,3.0,6,0,0.0,0,5175,1125
1131,"Dischordant Note",DirectDamage,0.0,0,15,7.0,10,1131,1131
1132,"Dischordant Tone",DirectDamage,0.0,0,15,21.0,10,1132,1132
1133,"Dischordant Wail",DirectDamage,0.0,0,15,46.0,10,1133,1133
1134,"Dischordant Shriek",DirectDamage,0.0,0,15,92.0,10,1134,1134
1135,"Dischordant Howl",DirectDamage,0.0,0,15,111.0,10,1135,1135
1141,"Lesser Cacophony",DirectDamage,0.0,0,15,12.0,10,1141,1141
1142,Cacophony,DirectDamage,0.0,0,15,32.0,10,1142,1142
1143,"Greater Cacophony",DirectDamage,0.0,0,15,69.0,10,1143,1143
1144,"Major Cacophony",DirectDamage,0.0,0,15,114.0,10,1144,1144
1145,"Deafening Cacophony",DirectDamage,0.0,0,15,128.0,10,1145,1145
1151,"Captivating Melodies",Charm,0.0,10,0,152.0,0,1151,1151
1152,"Enchanting Melodies",Charm,0.0,10,0,152.0,0,1152,1152
1153,"Attracting Melodies",Charm,0.0,10,0,152.0,0,1153,1153
1154,"Pleasurable Melodies",Charm,0.0,10,0,152.0,0,1154,1154
1155,"Enticing Melodies",Charm,0.0,10,0,152.0,0,1155,1155
1156,"Alluring Melodies",Charm,0.0,10,0,152.0,0,1156,1156
1161,"Stunning Yell",Stun,0.0,3,10,0.0,10,1161,1161
1162,"Stunning Shout",Stun,0.0,5,10,0.0,10,1162,1162
1163,"Stunning Screech",Stun,0.0,7,10,0.0,10,1163,1163
1164,"Stunning Bellow",Stun,0.0,9,10,0.0,10,1164,1164
1171,"Compelling Cadence",Mesmerize,3.0,12,0,0.0,10,1171,1171
1172,"Constraining Cadence",Mesmerize,3.0,17,0,0.0,10,1172,1172
1173,"Coercing Cadence",Mesmerize,3.0,20,0,0.0,10,1173,1173
1174,"Compulsory Cadence",Mesmerize,3.0,26,0,0.0,10,1174,1174
1175,"Commanding Cadence",Mesmerize,3.0,29,0,0.0,10,1175,1175
1181,"Cant of Befuddling",Confusion,0.0,20,30,0.0,15,1181,1181
1182,"Cant of Bewilderment",Confusion,0.0,20,30,0.0,15,1182,1182
1183,"Cant of Confusion",Confusion,0.0,20,30,0.0,15,1183,1183
1184,"Cant of Discord",Confusion,0.0,20,30,0.0,15,1184,1184
1185,"Cant of Perplexity",Confusion,0.0,20,30,0.0,10,1185,1185
1191,"Comforting Lullaby",Mesmerize,5.0,13,0,0.0,10,1191,1191
1192,"Enchanting Lullaby",Mesmerize,5.0,15,0,0.0,10,1192,1192
1193,"Pacifying Lullaby",Mesmerize,5.0,18,0,0.0,10,1193,1193
1194,"Entrancing Lullaby",Mesmerize,5.0,22,0,0.0,10,1194,1194
1195,"Sedating Lullaby",Mesmerize,5.0,26,0,0.0,10,1195,1195
1196,"Enrapturing Lullaby",Mesmerize,5.0,30,0,0.0,10,1196,1196
1197,"Focusing Chant",CureMezz,3.0,0,0,0.0,0,1197,1197
1198,"Barrier of Sound",AblativeArmor,0.0,6,8,100.0,10,1198,1198
1199,"Shield of Melody",AblativeArmor,0.0,6,8,100.0,10,1199,1199
1200,"Wall of Song",AblativeArmor,0.0,6,8,100.0,10,1200,1200
1301,"Minor Rejuvenation",Heal,2.2,0,0,0.0,0,1301,1301
1302,"Minor Regeneracy",Heal,2.2,0,0,0.0,0,1302,1302
1303,"Minor Relief",Heal,2.2,0,0,0.0,0,1303,1303
1304,"Minor Restoration",Heal,2.2,0,0,0.0,0,1304,1304
1305,"Minor Recuperation",Heal,2.2,0,0,0.0,0,1305,1305
1306,"Minor Renewal",Heal,2.2,0,0,0.0,0,1306,1306
1307,"Minor Revival",Heal,2.2,0,0,0.0,0,1307,1307
1308,"Minor Resuscitation",Heal,2.2,0,0,0.0,0,1308,1308
1309,"Minor Reviction",Heal,2.2,0,0,0.0,0,1309,1309
1310,"Minor Refection",Heal,2.2,0,0,0.0,0,1310,1310
1311,"Minor Refocillation",Heal,2.2,0,0,0.0,0,1311,1311
1315,Revive,Resurrect,4.0,0,0,0.0,0,1315,1315
1321,"Angelic Commendation",Heal,3.0,0,0,0.0,0,1321,1321
1322,"Angelic Benediction",Heal,3.0,0,0,0.0,0,1322,1322
1323,"Angelic Blessing",Heal,3.0,0,0,0.0,0,1323,1323
1324,"Angelic Approbation",Heal,3.0,0,0,0.0,0,1324,1324
1331,Regeneracy,Heal,2.8,0,0,0.0,0,1331,1331
1332,Relief,Heal,2.8,0,0,0.0,0,1332,1332
1333,Restoration,Heal,2.8,0,0,0.0,0,1333,1333
1334,Recuperation,Heal,2.8,0,0,0.0,0,1334,1334
1335,Renewal,Heal,2.8,0,0,0.0,0,1335,1335
1336,Revival,Heal,2.8,0,0,0.0,0,1336,1336
1337,Resuscitation,Heal,2.8,0,0,0.0,0,1337,1337
1338,Reviction,Heal,2.8,0,0,0.0,0,1338,1338
1339,Refection,Heal,2.8,0,0,0.0,0,1339,1339
1340,Refocillation,Heal,2.8,0,0,0.0,0,1340,1340
1351,"Major Restoration",Heal,3.2,0,0,0.0,0,1351,1351
1352,"Major Recuperation",Heal,3.2,0,0,0.0,0,1352,1352
1353,"Major Renewal",Heal,3.2,0,0,0.0,0,1353,1353
1354,"Major Revival",Heal,3.2,0,0,0.0,0,1354,1354
1355,"Major Resuscitation",Heal,3.2,0,0,0.0,0,1355,1355
1356,"Major Reviction",Heal,3.2,0,0,0.0,0,1356,1356
1357,"Major Refection",Heal,3.2,0,0,0.0,0,1357,1357
1358,"Major Refocillation",Heal,3.2,0,0,0.0,0,1358,1358
1361,"Raise Fallen",Resurrect,4.0,0,0,0.0,0,1361,1361
1371,"Cure Poison",CurePoison,3.2,0,0,0.0,0,1371,1371
1372,"Cure Disease",CureDisease,3.2,0,0,0.0,0,1372,1372
1401,"Greater Recuperation",Heal,3.6,0,0,0.0,0,1401,1401
1402,"Greater Renewal",Heal,3.5,0,0,0.0,0,1402,1402
1403,"Greater Revival",Heal,3.4,0,0,0.0,0,1403,1403
1404,"Greater Resuscitation",Heal,3.3,0,0,0.0,0,1404,1404
1405,"Greater Reviction",Heal,3.1,0,0,0.0,0,1405,1405
1406,"Greater Refection",Heal,3.0,0,0,0.0,0,1406,1406
1407,"Greater Refocillation",Heal,2.8,0,0,0.0,0,1407,1407
1411,"Heaven's Commendation",Heal,3.7,0,0,0.0,0,1411,1411
1412,"Heaven's Benediction",Heal,3.5,0,0,0.0,0,1412,1412
1413,"Heaven's Blessing",Heal,3.3,0,0,0.0,0,1413,1413
1414,"Heaven's Approbation",Heal,3.1,0,0,0.0,0,1414,1414
1421,"Gift of the Heavens",Heal,0.0,0,900,0.0,0,1421,1421
1422,"Boon of the Heavens",Heal,0.0,0,900,0.0,0,1422,1422
1423,"Favor of the Heavens",Heal,0.0,0,900,0.0,0,1423,1423
1424,"Blessing of the Heavens",Heal,0.0,0,900,0.0,0,1424,1424
1431,"Beautified Remedy",Heal,0.0,0,1200,0.0,0,1431,1431
1432,"Glorious Remedy",Heal,0.0,0,1200,0.0,0,1432,1432
1433,"Magnificent Remedy",Heal,0.0,0,1200,0.0,0,1433,1433
1441,Reincarnate,Resurrect,4.0,0,0,0.0,0,1441,1441
1442,Resurrection,Resurrect,4.0,0,0,0.0,0,1442,1442
1443,"Gift of the Host",SpreadHeal,3.5,0,0,0.0,0,1443,1443
1444,"Boon of the Host",SpreadHeal,3.5,0,0,0.0,0,1444,1444
1445,"Blessing of the Host",SpreadHeal,3.5,0,0,0.0,0,1445,1445
1451,"Blessed Strength",StrengthBuff,3.0,0,0,0.0,0,1451,1451
1452,"Blessed Potency",StrengthBuff,3.0,0,0,0.0,0,1452,1452
1453,"Blessed Power",StrengthBuff,3.0,0,0,0.0,0,1453,1453
1454,"Holy Strength",StrengthBuff,3.0,0,0,0.0,0,1454,1454
1455,"Holy Potency",StrengthBuff,3.0,0,0,0.0,0,1455,1455
1456,"Holy Power",StrengthBuff,3.0,0,0,0.0,0,1456,1456
1457,"Holy Might",StrengthBuff,3.0,0,0,0.0,0,1457,1457
1461,"Aura of Shielding",BaseArmorFactorBuff,3.0,0,0,0.0,0,1461,1461
1462,"Greater Aura of Shielding",BaseArmorFactorBuff,3.0,0,0,0.0,0,1462,1462
1463,"Aura of Defense",BaseArmorFactorBuff,3.0,0,0,0.0,0,1463,1463
1464,"Greater Aura of Defense",BaseArmorFactorBuff,3.0,0,0,0.0,0,1464,1464
1465,"Aura of Guarding",BaseArmorFactorBuff,3.0,0,0,0.0,0,1465,1465
1466,"Greater Aura of Guarding",BaseArmorFactorBuff,3.0,0,0,0.0,0,1466,1466
1467,"Aura of Deflection",BaseArmorFactorBuff,3.0,0,0,0.0,0,1467,1467
1471,"Blessed Dexterity",DexterityBuff,3.0,0,0,0.0,0,1471,1471
1472,"Blessed Agility",DexterityBuff,3.0,0,0,0.0,0,1472,1472
1473,"Blessed Coordination",DexterityBuff,3.0,0,0,0.0,0,1473,1473
1474,"Holy Dexterity",DexterityBuff,3.0,0,0,0.0,0,1474,1474
1475,"Holy Agility",DexterityBuff,3.0,0,0,0.0,0,1475,1475
1476,"Holy Coordination",DexterityBuff,3.0,0,0,0.0,0,1476,1476
1481,"Blessing of Health",ConstitutionBuff,3.0,0,0,0.0,0,1481,1481
1482,"Benison of Health",ConstitutionBuff,3.0,0,0,0.0,0,1482,1482
1483,"Benediction of Health",ConstitutionBuff,3.0,0,0,0.0,0,1483,1483
1484,"Blessing of Fortitude",ConstitutionBuff,3.0,0,0,0.0,0,1484,1484
1485,"Benison of Fortitude",ConstitutionBuff,3.0,0,0,0.0,0,1485,1485
1486,"Benediction of Fortitude",ConstitutionBuff,3.0,0,0,0.0,0,1486,1486
1501,"Blessed Shield",SpecArmorFactorBuff,3.0,0,0,0.0,2,1501,1501
1502,"Blessed Guard",SpecArmorFactorBuff,3.0,0,0,0.0,2,1502,1502
1503,"Blessed Barrier",SpecArmorFactorBuff,3.0,0,0,0.0,2,1503,1503
1504,"Holy Shield",SpecArmorFactorBuff,3.0,0,0,0.0,2,1504,1504
1505,"Holy Guard",SpecArmorFactorBuff,3.0,0,0,0.0,2,1505,1505
1506,"Holy Barrier",SpecArmorFactorBuff,3.0,0,0,0.0,2,1506,1506
1511,"Angelic Strength",StrengthConstitutionBuff,3.0,0,0,0.0,0,1511,1511
1512,"Angelic Potency",StrengthConstitutionBuff,3.0,0,0,0.0,0,1512,1512
1513,"Angelic Power",StrengthConstitutionBuff,3.0,0,0,0.0,0,1513,1513
1514,"Archangel's Strength",StrengthConstitutionBuff,3.0,0,0,0.0,0,1514,1514
1515,"Archangel's Potency",StrengthConstitutionBuff,3.0,0,0,0.0,0,1515,1515
1516,"Archangel's Power",StrengthConstitutionBuff,3.0,0,0,0.0,0,1516,1516
1517,"Archangel's Might",StrengthConstitutionBuff,3.0,0,0,0.0,0,1517,1517
1521,"Angelic Dexterity",DexterityQuicknessBuff,3.0,0,0,0.0,0,1521,1521
1522,"Angelic Agility",DexterityQuicknessBuff,3.0,0,0,0.0,0,1522,1522
1523,"Angelic Coordination",DexterityQuicknessBuff,3.0,0,0,0.0,0,1523,1523
1524,"Dexterity of the Archangel",DexterityQuicknessBuff,3.0,0,0,0.0,0,1524,1524
1525,"Agility of the Archangel",DexterityQuicknessBuff,3.0,0,0,0.0,0,1525,1525
1526,"Coordination of the Archangel",DexterityQuicknessBuff,3.0,0,0,0.0,0,1526,1526
1531,Renewal,HealthRegenBuff,3.0,0,0,0.0,0,1531,1531
1532,Regeneration,HealthRegenBuff,3.0,0,0,0.0,0,1532,1532
1533,Revitalization,HealthRegenBuff,3.0,0,0,0.0,0,1533,1533
1534,"Heavenly Infusion",HealthRegenBuff,3.0,0,0,0.0,0,1534,1534
1535,"Acuity of the Seer",AcuityBuff,3.0,0,0,0.0,0,1535,1535
1536,"Acuity of the Prophet",AcuityBuff,3.0,0,0,0.0,0,1536,1536
1537,"Acuity of the Sage",AcuityBuff,3.0,0,0,0.0,0,1537,1537
1538,"Acuity of the Magi",AcuityBuff,3.0,0,0,0.0,0,1538,1538
1541,"Spiritual Shield",SpiritResistBuff,3.0,1200,0,0.0,0,1541,1541
1542,"Spiritual Guard",SpiritResistBuff,3.0,1200,0,0.0,0,1542,1542
1543,"Spiritual Barrier",SpiritResistBuff,3.0,1200,0,0.0,0,1543,1543
1544,"Energy Shield",EnergyResistBuff,3.0,1200,0,0.0,0,1544,1544
1545,"Energy Guard",EnergyResistBuff,3.0,1200,0,0.0,0,1545,1545
1546,"Energy Barrier",EnergyResistBuff,3.0,1200,0,0.0,0,1546,1546
1547,"Shield of Health",BodyResistBuff,3.0,1200,0,0.0,0,1547,1547
1548,"Guard of Health",BodyResistBuff,3.0,1200,0,0.0,0,1548,1548
1549,"Barrier of Health",BodyResistBuff,3.0,1200,0,0.0,0,1549,1549
1560,"Strength From Adversity",DefensiveProc,3.0,1200,0,0.0,0,1560,1560
1561,"Test of Faith",DefensiveProc,3.0,1200,0,0.0,0,1561,1561
1562,"Trial By Fire",DefensiveProc,3.0,1200,0,0.0,0,1562,1562
1563,"Strength From Adversity Proc",Heal,0.0,0,0,0.0,0,1563,1563
1564,"Test of Faith Proc",Heal,0.0,0,0,0.0,0,1564,1564
1565,"Trial by Fire Proc",Heal,0.0,0,0,0.0,0,1565,1565
1566,"Refiner's Strength",MeleeDamageBuff,2.0,1200,0,0.0,10,1566,1566
1567,"Purifying Strength",MeleeDamageBuff,2.0,1200,0,0.0,10,1567,1567
1568,Mercybringer,MeleeDamageBuff,2.0,1200,0,0.0,10,1568,1568
1601,"Minor Smite",DirectDamage,3.0,0,0,14.0,15,1601,1601
1602,"Lesser Smite",DirectDamage,3.0,0,0,20.0,15,1602,1602
1603,Smite,DirectDamage,3.0,0,0,26.0,15,1603,1603
1604,"Major Smite",DirectDamage,3.0,0,0,34.0,15,1604,1604
1605,"Greater Smite",DirectDamage,3.0,0,0,43.0,15,1605,1605
1606,"Minor Judgement",DirectDamage,3.0,0,0,54.0,15,1606,1606
1607,"Lesser Judgement",DirectDamage,3.0,0,0,71.0,15,1607,1607
1608,Judgement,DirectDamage,3.0,0,0,88.0,15,1608,1608
1609,"Greater Judgement",DirectDamage,3.0,0,0,108.0,15,1609,1609
1610,"Supreme Judgement",DirectDamage,3.0,0,0,127.0,15,1610,1610
1611,"Stunning Flash",Stun,2.5,3,0,0.0,15,1611,1611
1612,"Stunning Flare",Stun,2.5,5,0,0.0,15,1612,1612
1613,"Stunning Glare",Stun,2.5,6,0,0.0,15,1613,1613
1614,"Stunning Halo",Stun,2.5,8,0,0.0,15,1614,1614
1615,"Stunning Aura",Stun,2.5,9,0,0.0,15,1615,1615
1651,"Hammer of Faith",DamageAdd,3.0,1200,0,1.0,15,1651,1651
1652,"Hammer of the Pious",DamageAdd,3.0,1200,0,1.6,15,1652,1652
1653,"Hammer of Devotion",DamageAdd,3.0,1200,0,2.7,15,1653,1653
1654,"Hammer of Grace",DamageAdd,3.0,1200,0,3.7,15,1654,1654
1655,"Hammer of Justice",DamageAdd,3.0,1200,0,4.6,15,1655,1655
1656,"Hammer of Zeal",DamageAdd,3.0,1200,0,5.8,15,1656,1656
1657,"Hammer of the Martyr",DamageAdd,3.0,1200,0,7.3,15,1657,1657
1658,"Hammer of Holiness",DamageAdd,3.0,1200,0,9.2,15,1658,1658
1659,"Hammer of the Sanctified",DamageAdd,3.0,1200,0,11.3,15,1659,1659
1661,"Drive Evil",DirectDamage,0.0,0,20,17.0,15,1661,1661
1662,"Repel Evil",DirectDamage,0.0,0,20,28.0,15,1662,1662
1663,"Repulse Evil",DirectDamage,0.0,0,20,45.0,15,1663,1663
1664,"Dispel Evil",DirectDamage,0.0,0,20,57.0,15,1664,1664
1665,"Banish Evil",DirectDamage,0.0,0,20,82.0,15,1665,1665
1666,"Annihilate Evil",DirectDamage,0.0,0,20,118.0,15,1666,1666
1671,"Holy Anger",DirectDamage,3.0,0,0,20.0,15,1671,1671
1672,"Greater Holy Anger",DirectDamage,3.0,0,0,32.0,15,1672,1672
1673,"Holy Rage",DirectDamage,3.0,0,0,44.0,15,1673,1673
1674,"Greater Holy Rage",DirectDamage,3.0,0,0,60.0,15,1674,1674
1675,"Holy Wrath",DirectDamage,3.0,0,0,75.0,15,1675,1675
1676,"Greater Holy Wrath",DirectDamage,3.0,0,0,99.0,15,1676,1676
1677,"Holy Fury",DirectDamage,3.0,0,0,145.0,15,1677,1677
1678,"Greater Holy Fury",DirectDamage,3.0,0,0,176.0,15,1678,1678
1681,"Heavenly Visions",Mesmerize,0.0,9,300,0.0,15,1681,1681
1682,"Heavenly Images",Mesmerize,0.0,11,300,0.0,15,1682,1681
1683,"Heavenly Mirage",Mesmerize,0.0,15,300,0.0,15,1683,1681
1684,"Heavenly Dreams",Mesmerize,0.0,19,300,0.0,15,1684,1681
1685,"Heavenly Imagination",Mesmerize,0.0,25,300,0.0,15,1685,1681
1686,Theophany,Mesmerize,0.0,30,300,0.0,15,1686,1681
1691,"Heavenly Strike",DirectDamage,4.0,0,0,26.0,15,1691,1691
1692,"Heavenly Blast",DirectDamage,4.0,0,0,51.0,15,1692,1692
1693,"Heavenly Bolt",DirectDamage,4.0,0,0,76.0,15,1693,1693
1694,"Heavenly Force",DirectDamage,4.0,0,0,102.0,15,1694,1694
1695,"Heavenly Detonation",DirectDamage,4.0,0,0,127.0,15,1695,1695
1701,"Shield of Faith",SpecArmorFactorBuff,4.0,1200,0,0.0,0,1701,1701
1702,"Shield of Piety",SpecArmorFactorBuff,4.0,1200,0,0.0,0,1702,1702
1703,"Shield of Devotion",SpecArmorFactorBuff,4.0,1200,0,0.0,0,1703,1703
1704,"Shield of Grace",SpecArmorFactorBuff,4.0,1200,0,0.0,0,1704,1704
1705,"Shield of Justice",SpecArmorFactorBuff,4.0,1200,0,0.0,0,1705,1705
1706,"Shield of Zeal",SpecArmorFactorBuff,4.0,1200,0,0.0,0,1706,1706
1707,"Shield of Holiness",SpecArmorFactorBuff,4.0,1200,0,0.0,0,1708,1707
1708,"Shield of the Sanctified",SpecArmorFactorBuff,4.0,1200,0,0.0,0,1708,1708
1711,"Saint's Vigor",EnduranceRegenBuff,0.0,5,0,0.0,0,1711,1711
1712,"Saint's Energy",FatigueConsumptionBuff,3.0,1200,0,0.0,0,1712,1712
1713,"Saint's Stamina",FatigueConsumptionBuff,3.0,1200,0,0.0,0,1713,1713
1714,"Saint's Persistence",FatigueConsumptionBuff,3.0,1200,0,0.0,0,1714,1714
1715,"Saint's Tenacity",FatigueConsumptionBuff,3.0,1200,0,0.0,0,1715,1715
1721,"Speed of the Angel",CombatSpeedBuff,0.0,30,180,0.0,0,1721,1721
1722,"Haste of the Angel",CombatSpeedBuff,0.0,30,180,0.0,0,1722,1722
1723,"Alacrity of the Angel",CombatSpeedBuff,0.0,30,180,0.0,0,1723,1723
1724,"Speed of the Archangel",CombatSpeedBuff,0.0,30,180,0.0,0,1724,1724
1725,"Haste of the Archangel",CombatSpeedBuff,0.0,30,180,0.0,0,1725,1725
1726,"Alacrity of the Archangel",CombatSpeedBuff,0.0,30,180,0.0,0,1726,1726
1727,"Alacrity of the Heavenly Host",CombatSpeedBuff,0.0,30,180,0.0,0,1727,1727
1731,"Resilience of the Wanderer",HeatResistBuff,3.0,1200,0,0.0,0,1731,1731
1732,"Fortitude of the Wanderer",HeatResistBuff,3.0,1200,0,0.0,0,1732,1732
1733,"Piety of the Wanderer",HeatResistBuff,3.0,1200,0,0.0,0,1733,1733
1734,"Hearth's Blessing",ColdResistBuff,3.0,1200,0,0.0,0,1734,1734
1735,"Hearth's Benison",ColdResistBuff,3.0,1200,0,0.0,0,1735,1735
1736,"Hearth's Gift",ColdResistBuff,3.0,1200,0,0.0,0,1736,1736
1737,"Attunement to Creation",MatterResistBuff,3.0,1200,0,0.0,0,1737,1737
1738,"Blessing of Creation",MatterResistBuff,3.0,1200,0,0.0,0,1738,1738
1739,"Oneness with Creation",MatterResistBuff,3.0,1200,0,0.0,0,1739,1739
1740,"Blessing of Resilience",ArmorAbsorptionBuff,3.0,1200,0,0.0,0,1740,1740
1741,"Blessing of Absorption",ArmorAbsorptionBuff,3.0,1200,0,0.0,0,1741,1741
1742,"Blessing of Dissipation",ArmorAbsorptionBuff,3.0,1200,0,0.0,0,1742,1742
1751,Tease,Taunt,0.0,0,30,0.0,10,1751,1751
1752,Annoy,Taunt,0.0,0,30,0.0,10,1752,1752
1753,Inflame,Taunt,0.0,0,30,0.0,10,1753,1753
1754,Incense,Taunt,0.0,0,30,0.0,10,1754,1754
1761,Readiness,DexterityQuicknessBuff,3.0,1200,0,0.0,0,1761,1761
1762,Coordination,DexterityQuicknessBuff,3.0,1200,0,0.0,0,1762,1762
1763,Agility,DexterityQuicknessBuff,3.0,1200,0,0.0,0,1763,1763
1764,Precision,DexterityQuicknessBuff,3.0,1200,0,0.0,0,1764,1764
1765,Gracefulness,DexterityQuicknessBuff,3.0,1200,0,0.0,0,1765,1765
1766,Fluidity,DexterityQuicknessBuff,3.0,1200,0,0.0,0,1766,1766
1767,"Constrict Spirit",SpeedDecrease,0.0,20,0,0.0,15,873,873
2145,"Pet Lifetap",Lifedrain,0.0,0,0,92.7,10,2145,2145
2165,"Pet Stun",Stun,0.0,4,0,0.0,0,2132,2165
2175,"Pet Bladeturn",Bladeturn,0.0,65535,20,0.0,0,2175,2175
2430,"Speed of the Realm",SpeedEnhancement,0.0,600,0,0.0,0,2430,2430
2431,"Strength of the Realm",StrengthBuff,0.0,1800,0,0.0,0,1457,1457
2435,"Resurrection Illness",PveResurrectionIllness,0.0,60,0,0.0,0,2435,3421
2501,"Minor Dusk Dart",DirectDamage,2.6,0,0,5.0,11,2501,2501
2502,"Dusk Dart",DirectDamage,2.6,0,0,9.0,11,2502,2502
2503,"Major Dusk Dart",DirectDamage,2.6,0,0,13.0,11,2503,2503
2504,"Greater Dusk Dart",DirectDamage,2.6,0,0,21.0,11,2504,2504
2505,"Minor Gloom Blast",DirectDamage,2.6,0,0,33.0,11,2505,2505
2506,"Gloom Blast",DirectDamage,2.6,0,0,45.0,11,2506,2506
2507,"Greater Gloom Blast",DirectDamage,2.6,0,0,57.0,11,2507,2507
2508,"Murk Blast",DirectDamage,2.6,0,0,73.0,11,2508,2508
2509,"Greater Murk Blast",DirectDamage,2.6,0,0,96.0,11,2509,2509
2510,"Shadow Blast",DirectDamage,2.6,0,0,120.0,11,2510,2510
2511,"Greater Shadow Blast",DirectDamage,2.6,0,0,155.0,11,2511,2511
2512,"Obsidian Strike",DirectDamage,2.6,0,0,179.0,11,2511,2511
2521,"Blanket of Darkness",DexterityDebuff,0.0,60,5,0.0,10,2521,2521
2522,"Screen of Darkness",DexterityDebuff,0.0,60,5,0.0,10,2522,2522
2523,"Envelope of Darkness",DexterityDebuff,0.0,60,5,0.0,10,2523,2523
2524,"Globe of Darkness",DexterityDebuff,0.0,60,5,0.0,10,2524,2524
2525,"Field of Darkness",DexterityDebuff,0.0,60,5,0.0,10,2525,2525
2526,"Wrap of Darkness",DexterityDebuff,0.0,60,5,0.0,10,2526,2526
2527,"Veil of Darkness",DexterityDebuff,0.0,60,5,0.0,10,2527,2527
2528,"Shroud of Darkness",DexterityDebuff,0.0,60,5,0.0,10,2528,2528
2551,"Rune of Discomfort",DamageAdd,4.0,1200,0,1.8,10,2551,2551
2552,"Rune of Injury",DamageAdd,4.0,1200,0,3.1,10,2552,2552
2553,"Rune of Hurt",DamageAdd,4.0,1200,0,4.6,10,2553,2553
2554,"Rune of Pain",DamageAdd,4.0,1200,0,5.8,10,2554,2554
2555,"Rune of Agony",DamageAdd,4.0,1200,0,7.3,10,2555,2555
2556,"Rune of Misery",DamageAdd,4.0,1200,0,9.0,10,2556,2556
2557,"Rune of Torment",DamageAdd,4.0,1200,0,11.1,10,2557,2557
2561,"Rune of Dusk",DirectDamage,2.8,0,0,5.0,11,2561,2561
2562,"Greater Rune of Dusk",DirectDamage,2.8,0,0,16.0,11,2562,2562
2563,"Rune of Pitch",DirectDamage,2.8,0,0,31.0,11,2563,2563
2564,"Greater Rune of Pitch",DirectDamage,2.8,0,0,46.0,11,2564,2564
2565,"Rune of Murk",DirectDamage,2.8,0,0,62.0,11,2565,2565
2566,"Greater Rune of Murk",DirectDamage,2.8,0,0,81.0,11,2566,2566
2567,"Rune of Obscurity",DirectDamage,2.8,0,0,108.0,11,2567,2567
2568,"Greater Rune of Obscurity",DirectDamage,2.8,0,0,137.0,11,2568,2568
2569,"Rune of Shadow",DirectDamage,2.8,0,0,173.0,11,2569,2569
2570,"Greater Rune of Shadow",DirectDamage,2.8,0,0,219.0,11,2570,2570
2571,"Minor Raven Bolt",DirectDamageWithDebuff,3.0,60,20,16.0,11,2571,2571
2572,"Lesser Raven Bolt",DirectDamageWithDebuff,3.0,60,20,32.0,11,2572,2572
2573,"Raven Bolt",DirectDamageWithDebuff,3.0,60,20,44.0,11,2573,2573
2574,"Major Raven Bolt",DirectDamageWithDebuff,3.0,60,20,60.0,11,2574,2574
2575,"Greater Raven Bolt",DirectDamageWithDebuff,3.0,60,20,79.0,11,2575,2575
2576,"Superior Raven Bolt",DirectDamageWithDebuff,3.0,60,20,107.0,11,2576,2576
2577,"Munin's Claw",DirectDamageWithDebuff,3.0,60,20,139.0,11,2577,2577
2578,"Hugin's Claw",DirectDamageWithDebuff,3.0,60,20,175.0,11,2578,2578
2581,"Raven Drove",DirectDamageWithDebuff,3.0,60,20,28.0,11,2581,2581
2582,"Raven Flock",DirectDamageWithDebuff,3.0,60,20,40.0,11,2582,2582
2583,"Raven Horde",DirectDamageWithDebuff,3.0,60,20,56.0,11,2583,2583
2584,"Raven Throng",DirectDamageWithDebuff,3.0,60,20,72.0,11,2584,2584
2585,"Raven Host",DirectDamageWithDebuff,3.0,60,20,90.0,11,2585,2585
2586,"Raven Cloud",DirectDamageWithDebuff,3.0,60,20,112.0,11,2586,2586
2587,"Raven Legion",DirectDamageWithDebuff,3.0,60,20,140.0,11,2587,2587
2601,"Dampen Lifeforce",Lifedrain,2.5,0,0,4.0,11,2601,2601
2602,"Muffle Lifeforce",Lifedrain,2.5,0,0,13.0,11,2602,2602
2603,"Smother Lifeforce",Lifedrain,2.5,0,0,26.0,11,2603,2603
2604,"Mute Lifeforce",Lifedrain,2.5,0,0,39.0,11,2604,2604
2605,"Stifle Lifeforce",Lifedrain,2.5,0,0,51.0,11,2605,2605
2606,"Suppress Lifeforce",Lifedrain,2.5,0,0,68.0,11,2606,2606
2607,"Silence Lifeforce",Lifedrain,2.5,0,0,90.0,11,2607,2607
2608,"Hush Lifeforce",Lifedrain,2.5,0,0,114.0,11,2608,2608
2609,"Abolish Lifeforce",Lifedrain,2.5,0,0,144.0,11,2609,2609
2610,"Extinguish Lifeforce",Lifedrain,2.5,0,0,183.0,11,2610,2610
2611,"Gloom Wave",Mesmerize,2.0,9,0,0.0,11,2611,2611
2612,"Murk Wave",Mesmerize,2.0,10,0,0.0,11,2612,2612
2613,"Dusk Wave",Mesmerize,2.0,11,0,0.0,11,2613,2613
2614,"Shadow Wave",Mesmerize,2.0,12,0,0.0,11,2614,2614
2615,"Dark Wave",Mesmerize,2.0,15,0,0.0,11,2615,2615
2616,"Night Wave",Mesmerize,2.0,17,0,0.0,11,2616,2616
2617,"Black Wave",Mesmerize,2.0,20,0,0.0,11,2617,2617
2618,"Pitch Wave",Mesmerize,2.0,24,0,0.0,11,2618,2618
2619,"Umbral Wave",Mesmerize,2.0,29,0,0.0,11,2619,2619
2621,"Cover Eyes",DexterityQuicknessDebuff,0.0,60,5,0.0,11,2621,2621
2622,"Dull Sight",DexterityQuicknessDebuff,0.0,60,5,0.0,11,2622,2622
2623,"Obscure View",DexterityQuicknessDebuff,0.0,60,5,0.0,11,2623,2623
2624,"Darken Vision",DexterityQuicknessDebuff,0.0,60,5,0.0,11,2624,2624
2625,"Ban Sight",DexterityQuicknessDebuff,0.0,60,5,0.0,11,2625,2625
2626,"Curse of Blindness",DexterityQuicknessDebuff,0.0,60,5,0.0,11,2626,2626
2627,"Greater Curse of Blindness",DexterityQuicknessDebuff,0.0,60,5,0.0,11,2627,2627
2631,"Dampen Health",BodyResistDebuff,2.0,30,0,0.0,10,2631,2631
2632,"Suppress Health",BodyResistDebuff,2.0,30,0,0.0,10,2632,2632
2633,"Extinguish Health",BodyResistDebuff,2.0,30,0,0.0,10,2633,2633
2634,"Dampen Spirit",SpiritResistDebuff,2.0,30,0,0.0,15,2634,2634
2635,"Suppress Spirit",SpiritResistDebuff,2.0,30,0,0.0,15,2635,2635
2636,"Extinguish Spirit",SpiritResistDebuff,2.0,30,0,0.0,15,2636,2636
2637,"Dampen Capacity",EnergyResistDebuff,2.0,30,0,0.0,12,2637,2637
2638,"Suppress Capacity",EnergyResistDebuff,2.0,30,0,0.0,12,2638,2638
2639,"Extinguish Capacity",EnergyResistDebuff,2.0,30,0,0.0,12,2639,2639
2640,"Shroud of Gloom",Mesmerize,3.0,18,0,0.0,11,2640,2640
2641,"Shroud of Shadow",Mesmerize,3.0,23,0,0.0,11,2641,2641
2642,"Shroud of Pitch",Mesmerize,3.0,28,0,0.0,11,2642,2642
2643,"Umbral Shroud",Mesmerize,3.0,33,0,0.0,11,2643,2643
2651,"Lessen Strength",StrengthDebuff,0.0,60,5,0.0,10,2651,2651
2652,"Diffuse Strength",StrengthDebuff,0.0,60,5,0.0,10,2652,2652
2653,"Disperse Strength",StrengthDebuff,0.0,60,5,0.0,10,2653,2653
2654,"Suppress Strength",StrengthDebuff,0.0,60,5,0.0,10,2654,2654
2655,"Quell Strength",StrengthDebuff,0.0,60,5,0.0,10,2655,2655
2656,"Abolish Strength",StrengthDebuff,0.0,60,5,0.0,10,2656,2656
2657,"Extinguish Strength",StrengthDebuff,0.0,60,5,0.0,10,2657,2657
2658,"Annihilate Strength",StrengthDebuff,0.0,60,5,0.0,10,2658,2658
2661,"Minor Magic Shield",BaseArmorFactorBuff,3.0,1200,0,0.0,0,2661,2661
2662,"Lesser Magic Shield",BaseArmorFactorBuff,3.0,1200,0,0.0,0,2662,2662
2663,"Magic Shield",BaseArmorFactorBuff,3.0,1200,0,0.0,0,2663,2663
2664,"Major Magic Shield",BaseArmorFactorBuff,3.0,1200,0,0.0,0,2664,2664
2665,"Greater Magic Shield",BaseArmorFactorBuff,3.0,1200,0,0.0,0,2665,2665
2666,"Superior Magic Shield",BaseArmorFactorBuff,3.0,1200,0,0.0,0,2666,2666
2667,"Suppressive Barrier",BaseArmorFactorBuff,3.0,1200,0,0.0,0,2667,2667
2668,"Major Suppressive Barrier",BaseArmorFactorBuff,3.0,1200,0,0.0,0,2668,2668
2669,"Greater Suppressive Barrier",BaseArmorFactorBuff,3.0,1200,0,0.0,0,2669,2669
2670,"Superior Suppressive Barrier",BaseArmorFactorBuff,3.0,1200,0,0.0,0,2670,2670
2671,"Lessen Movement",SpeedDecrease,2.5,9,0,0.0,10,2671,2671
2672,"Diffuse Movement",SpeedDecrease,2.5,13,0,0.0,10,2672,2672
2673,"Disperse Movement",SpeedDecrease,2.5,23,0,0.0,10,2673,2673
2674,"Suppress Movement",SpeedDecrease,2.5,31,0,0.0,10,2674,2674
2675,"Quell Movement",SpeedDecrease,2.5,41,0,0.0,10,2675,2675
2676,"Abolish Movement",SpeedDecrease,2.5,48,0,0.0,10,2676,2676
2677,"Extinguish Movement",SpeedDecrease,2.5,61,0,0.0,10,2677,2677
2678,"Annihilate Movement",SpeedDecrease,2.5,73,0,0.0,10,2678,2678
2681,"Magical Buffer",ArmorAbsorptionBuff,3.0,1200,0,0.0,0,2681,2681
2682,"Suppressive Buffer",ArmorAbsorptionBuff,3.0,1200,0,0.0,0,2682,2682
2701,"Minor Entrapping Rune",DamageSpeedDecrease,3.0,30,0,5.0,12,2701,2701
2702,"Lesser Entrapping Rune",DamageSpeedDecrease,3.0,30,0,21.0,12,2702,2702
2703,"Entrapping Rune",DamageSpeedDecrease,3.0,30,0,37.0,12,2703,2703
2704,"Lesser Tangling Rune",DamageSpeedDecrease,3.0,30,0,49.0,12,2704,2704
2705,"Tangling Rune",DamageSpeedDecrease,3.0,30,0,64.0,12,2705,2705
2706,"Lesser Snaring Rune",DamageSpeedDecrease,3.0,30,0,85.0,12,2706,2706
2707,"Snaring Rune",DamageSpeedDecrease,3.0,30,0,120.0,12,2707,2707
2708,"Lesser Rune of Mazing",DamageSpeedDecrease,3.0,30,0,148.0,12,2708,2708
2709,"Rune of Mazing",DamageSpeedDecrease,3.0,30,0,179.0,12,2709,2709
2711,"Hugin's Affliction",Confusion,3.5,60,0,0.0,12,2711,2711
2712,"Hugin's Malison",Confusion,3.5,60,0,0.0,12,2712,2712
2713,"Hugin's Curse",Confusion,3.5,60,0,0.0,12,2713,2713
2714,"Hugin's Vex",Confusion,3.5,60,0,0.0,12,2714,2714
2715,"Hugin's Damnation",Confusion,3.5,60,0,0.0,12,2715,2715
2716,"Hugin's Vilification",Confusion,3.5,60,0,0.0,12,2716,2716
2717,"Hugin's Malediction",Confusion,3.5,60,0,0.0,12,2717,2717
2721,"Runic Ward",Bladeturn,4.0,65535,0,0.0,0,2721,2721
2722,"Runic Fend",Bladeturn,4.0,65535,0,0.0,0,2722,2722
2723,"Runic Shield",Bladeturn,4.0,65535,0,0.0,0,2723,2723
2724,"Runic Guard",Bladeturn,4.0,10,0,0.0,0,2724,2724
2725,"Runic Barrier",Bladeturn,4.0,8,0,0.0,0,2725,2725
2726,"Runic Wall",Bladeturn,4.0,6,0,0.0,0,2726,2726
2731,"Suppress Sight",Nearsight,2.0,120,0,0.0,12,2731,2731
2732,"Suppress Vision",Nearsight,2.0,120,0,0.0,12,2732,2732
2733,"Suppress View",Nearsight,2.0,120,0,0.0,12,2733,2733
2734,"Diminish Sight",Nearsight,2.0,120,0,0.0,12,2734,2734
2735,"Diminish Vision",Nearsight,2.0,120,0,0.0,12,2735,2735
2741,"Field of Suppression",DamageSpeedDecrease,3.0,30,0,22.0,12,2741,2741
2742,"Field of Slackening",DamageSpeedDecrease,3.0,30,0,40.0,12,2742,2742
2743,"Field of Entrapping",DamageSpeedDecrease,3.0,30,0,56.0,12,2743,2743
2744,"Field of Snaring",DamageSpeedDecrease,3.0,30,0,78.0,12,2744,2744
2745,"Field of Tangling",DamageSpeedDecrease,3.0,30,0,102.0,12,2745,2745
2746,"Field of Mazing",DamageSpeedDecrease,3.0,30,0,130.0,12,2746,2746
2751,"Scatter Fervor",CombatSpeedDebuff,0.0,42,5,0.0,15,2751,2751
2752,"Diffuse Fervor",CombatSpeedDebuff,0.0,45,5,0.0,15,2752,2752
2753,"Disperse Fervor",CombatSpeedDebuff,0.0,51,5,0.0,15,2753,2753
2754,"Dissipate Fervor",CombatSpeedDebuff,0.0,58,5,0.0,15,2754,2754
2755,"Scatter Zeal",CombatSpeedDebuff,0.0,70,5,0.0,15,2755,2755
2756,"Diffuse Zeal",CombatSpeedDebuff,0.0,82,5,0.0,15,2756,2756
2757,"Disperse Zeal",CombatSpeedDebuff,0.0,96,5,0.0,15,2757,2757
2758,"Dissipate Zeal",CombatSpeedDebuff,0.0,114,5,0.0,15,2758,2758
2761,"Weaken Strength",StrengthConstitutionDebuff,0.0,60,5,0.0,15,2761,2761
2762,"Attenuate Strength",StrengthConstitutionDebuff,0.0,60,5,0.0,15,2762,2762
2763,"Undermine Strength",StrengthConstitutionDebuff,0.0,60,5,0.0,15,2763,2763
2764,"Enfeeble Strength",StrengthConstitutionDebuff,0.0,60,5,0.0,15,2764,2764
2765,"Impair Strength",StrengthConstitutionDebuff,0.0,60,5,0.0,15,2765,2765
2766,"Debilitate Strength",StrengthConstitutionDebuff,0.0,60,5,0.0,15,2766,2766
2767,"Emasculate Strength",StrengthConstitutionDebuff,0.0,60,5,0.0,15,2767,2767
2771,"Cripple Spirit",Mesmerize,3.0,16,0,0.0,15,2771,2771
2772,"Hold Spirit",Mesmerize,3.0,20,0,0.0,15,2772,2772
2773,"Pin Spirit",Mesmerize,3.0,28,0,0.0,15,2773,2773
2774,"Lock Spirit",Mesmerize,3.0,34,0,0.0,15,2774,2774
2775,"Immobilize Spirit",Mesmerize,3.0,46,0,0.0,15,2775,2775
2776,"Disable Spirit",Mesmerize,3.0,55,0,0.0,15,2776,2776
2777,"Paralyze Spirit",Mesmerize,3.0,67,0,0.0,15,2777,2777
2778,"Petrify Spirit",Mesmerize,3.0,80,0,0.0,15,2778,2778
2781,"Spirit Flow",LifeTransfer,3.0,0,0,0.0,0,2781,2781
2782,"Spirit Wave",LifeTransfer,3.0,0,0,0.0,0,2782,2782
2783,"Spirit Flux",LifeTransfer,3.0,0,0,0.0,0,2783,2783
2784,"Spirit Fount",LifeTransfer,3.0,0,0,0.0,0,2784,2784
2785,"Spirit Flood",LifeTransfer,3.0,0,0,0.0,0,2785,2785
2786,"Spirit Surge",LifeTransfer,3.0,0,0,0.0,0,2786,2786
2787,"Spirit Confluence",LifeTransfer,3.0,0,0,0.0,0,2787,2787
2791,"Soul Dissipation",DirectDamage,2.5,0,0,59.0,15,2791,2791
2792,"Soul Dispersal",DirectDamage,2.5,0,0,96.0,15,2792,2792
2793,"Soul Blast",DirectDamage,2.5,0,0,133.0,15,2793,2793
2794,"Soul Explosion",DirectDamage,2.5,0,0,176.0,15,2794,2794
2795,"Soul Banish",DirectDamage,2.5,0,0,228.0,15,2795,2795
2796,"Soul Destruction",DirectDamage,2.5,0,0,273.0,15,2796,2796
2797,"Soul Annihilation",DirectDamage,2.5,0,0,331.0,15,2797,2797
2798,"Spirit Purge",CureMezz,3.0,0,0,0.0,0,2798,2798
2801,"Summon Spirit Fighter",SummonSpiritFighter,6.0,65535,0,-88.0,0,2801,2801
2802,"Summon Spirit Soldier",SummonSpiritFighter,6.0,65535,0,-88.0,0,2802,2802
2803,"Summon Spirit Swordsman",SummonSpiritFighter,6.0,65535,0,-88.0,0,2803,2803
2804,"Summon Spirit Warrior",SummonSpiritFighter,6.0,65535,0,-88.0,0,2804,2804
2805,"Summon Spirit Champion",SummonSpiritFighter,6.0,65535,0,-88.0,0,2805,2805
2811,"Renew Spirit",Heal,3.0,0,0,0.0,0,2811,2811
2812,"Recover Spirit",Heal,3.0,0,0,0.0,0,2812,2812
2813,"Refresh Spirit",Heal,3.0,0,0,0.0,0,2813,2813
2814,"Reconstitute Spirit",Heal,3.0,0,0,0.0,0,2814,2814
2815,"Replenish Spirit",Heal,3.0,0,0,0.0,0,2815,2815
2816,"Rejuvenate Spirit",Heal,3.0,0,0,0.0,0,2816,2816
2817,"Restore Spirit",Heal,3.0,0,0,0.0,0,2817,2817
2818,"Regenerate Spirit",Heal,3.0,0,0,0.0,0,2818,2818
2821,"Protecting Spirit",Bladeturn,4.0,1200,0,0.0,0,2821,2821
2851,"Spirit's Revenge",DamageShield,2.5,5,0,1.5,15,2851,2851
2852,"Spirit's Vengeance",DamageShield,2.5,5,0,4.5,15,2852,2852
2853,"Spirit's Retaliation",DamageShield,2.5,5,0,6.8,15,2853,2853
2854,"Spirit's Vendetta",DamageShield,2.5,5,0,10.5,15,2854,2854
2855,"Spirit's Reckoning",DamageShield,2.5,5,0,15.1,15,2855,2855
2856,"Spirit's Retribution",DamageShield,2.5,5,0,20.3,15,2856,2856
2857,"Spirit's Vindication",DamageShield,2.5,5,0,27.1,15,2857,2857
2858,"Spirit's Justification",DamageShield,2.5,5,0,33.9,15,2858,2858
2859,"Vigor of Valhalla",StrengthConstitutionBuff,3.0,1200,0,0.0,0,2859,2859
2860,"Strength of Valhalla",StrengthConstitutionBuff,3.0,1200,0,0.0,0,2860,2860
2861,"Zest of Valhalla",StrengthConstitutionBuff,3.0,1200,0,0.0,0,2861,2861
2862,"Energy of Valhalla",StrengthConstitutionBuff,3.0,1200,0,0.0,0,2862,2862
2863,"Vitality of Valhalla",StrengthConstitutionBuff,3.0,1200,0,0.0,0,2863,2863
2864,"Might of Valhalla",StrengthConstitutionBuff,3.0,1200,0,0.0,0,2864,2864
2865,"Force of Valhalla",StrengthConstitutionBuff,3.0,1200,0,0.0,0,2865,2865
2866,"Valkyrie's Agility",DexterityQuicknessBuff,3.0,1200,0,0.0,0,2866,2866
2867,"Valkyrie's Nimbleness",DexterityQuicknessBuff,3.0,1200,0,0.0,0,2867,2867
2868,"Valkyrie's Quickness",DexterityQuicknessBuff,3.0,1200,0,0.0,0,2868,2868
2869,"Valkyrie's Vivacity",DexterityQuicknessBuff,3.0,1200,0,0.0,0,2869,2869
2870,"Valkyrie's Spirit",DexterityQuicknessBuff,3.0,1200,0,0.0,0,2870,2870
2871,"Valkyrie's Vigilance",DexterityQuicknessBuff,3.0,1200,0,0.0,0,2871,2871
2872,"Valkyrie's Haste",DexterityQuicknessBuff,3.0,1200,0,0.0,0,2872,2872
2873,"Valkyrie's Alacrity",DexterityQuicknessBuff,3.0,1200,0,0.0,0,2873,2873
2874,"Gift of the Fallen",DamageShield,4.0,300,0,1.5,11,2874,2874
2875,"Blessing of the Fallen",DamageShield,4.0,60,0,2.5,11,2875,2875
2876,"Boon of the Fallen",DamageShield,4.0,60,0,3.9,11,2876,2876
2877,"Benison of the Fallen",DamageShield,4.0,60,0,5.0,11,2877,2877
2878,"Imbuement of the Fallen",DamageShield,4.0,60,0,6.7,11,2878,2878
2879,"Infusion of the Fallen",DamageShield,4.0,60,0,8.2,11,2879,2879
2880,"Restore Spirit",Resurrect,4.0,0,0,0.0,0,2880,2880
2881,"Tenacious Warrior Spirit",MesmerizeDurationBuff,4.0,1200,0,0.0,12,2881,2881
2882,"Tenacious Warrior Spirit",MesmerizeDurationBuff,4.0,1200,0,0.0,12,2882,2882
2883,"Spirit of Melee",CombatSpeedBuff,3.5,1200,0,0.0,0,2883,2883
2884,"Spirit of Attack",CombatSpeedBuff,3.5,1200,0,0.0,0,2884,2884
2885,"Spirit of Combat",CombatSpeedBuff,3.5,1200,0,0.0,0,2885,2885
2886,"Spirit of Battle",CombatSpeedBuff,3.5,1200,0,0.0,0,2886,2886
2887,"Spirit of War",CombatSpeedBuff,3.5,1200,0,0.0,0,2887,2887
2888,"Spirit of Strife",CombatSpeedBuff,3.5,1200,0,0.0,0,2888,2888
2889,"Hinder Prey",OffensiveProc,3.0,1200,0,0.0,0,2889,2889
2893,"Snaring Blow",OffensiveProc,3.0,1200,0,0.0,0,2893,2889
2894,"Hunter's Trap",OffensiveProc,3.0,1200,0,0.0,0,2894,2889
2895,"Hinder Prey",UnbreakableSpeedDecrease,0.0,10,0,0.0,11,2678,2678
2896,"Snaring Blow",UnbreakableSpeedDecrease,0.0,10,0,0.0,11,2678,2678
2897,"Hunter's Trap",UnbreakableSpeedDecrease,0.0,10,0,0.0,11,2678,2678
2901,"Simple Runebolt",Bolt,2.5,0,20,24.0,12,2901,2901
2902,"Minor Runebolt",Bolt,2.5,0,20,41.0,12,2902,2902
2903,"Lesser Runebolt",Bolt,2.5,0,20,53.0,12,2903,2903
2904,Runebolt,Bolt,2.5,0,20,70.0,12,2904,2904
2905,"Major Runebolt",Bolt,2.5,0,20,92.0,12,2905,2905
2906,"Greater Runebolt",Bolt,2.5,0,20,115.0,12,2906,2906
2907,"Superior Runebolt",Bolt,2.5,0,20,149.0,12,2907,2907
2908,"Supreme Runebolt",Bolt,2.5,0,20,188.0,12,2908,2908
2909,"Sovereign Runebolt",Bolt,2.5,0,20,239.0,12,2909,2909
2911,"Token of Destruction",DirectDamage,3.0,0,0,25.0,12,2911,2911
2912,"Stamp of Destruction",DirectDamage,3.0,0,0,33.0,12,2912,2912
2913,"Note of Destruction",DirectDamage,3.0,0,0,40.0,12,2913,2913
2914,"Mark of Destruction",DirectDamage,3.0,0,0,52.0,12,2914,2914
2915,"Insignia of Destruction",DirectDamage,3.0,0,0,68.0,12,2915,2915
2916,"Symbol of Destruction",DirectDamage,3.0,0,0,85.0,12,2916,2916
2917,"Seal of Destruction",DirectDamage,3.0,0,0,108.0,12,2917,2917
2918,"Signet of Destruction",DirectDamage,3.0,0,0,140.0,12,2918,2918
2919,"Rune of Destruction",DirectDamage,3.0,0,0,176.0,12,2919,2919
2921,"Token of Movement",SpeedEnhancement,3.0,6,0,0.0,0,2921,2921
2922,"Mark of Movement",SpeedEnhancement,3.0,6,0,0.0,0,2922,2922
2923,"Symbol of Movement",SpeedEnhancement,3.0,6,0,0.0,0,2923,2923
2924,"Seal of Movement",SpeedEnhancement,3.0,6,0,0.0,0,2924,2924
2925,"Rune of Movement",SpeedEnhancement,3.0,6,0,0.0,0,2925,2925
2951,"Odin's Ire",DirectDamage,3.0,0,0,8.0,12,2951,2951
2952,"Odin's Grudge",DirectDamage,3.0,0,0,20.0,12,2952,2952
2953,"Odin's Anger",DirectDamage,3.0,0,0,28.0,12,2953,2953
2954,"Odin's Rage",DirectDamage,3.0,0,0,44.0,12,2954,2954
2955,"Odin's Frenzy",DirectDamage,3.0,0,0,67.0,12,2955,2955
2956,"Odin's Wrath",DirectDamage,3.0,0,0,87.0,12,2956,2956
2957,"Odin's Vengeance",DirectDamage,3.0,0,0,115.0,12,2957,2957
2958,"Odin's Hatred",DirectDamage,3.0,0,0,158.0,12,2958,2958
2961,"Lesser Sigil of Ruin",Bolt,2.5,0,20,7.0,12,2961,2961
2962,"Sigil of Ruin",Bolt,2.5,0,20,23.0,12,2962,2962
2963,"Lesser Sigil of Havoc",Bolt,2.5,0,20,45.0,12,2963,2963
2964,"Sigil of Havoc",Bolt,2.5,0,20,67.0,12,2964,2964
2965,"Lesser Sigil of Destruction",Bolt,2.5,0,20,89.0,12,2965,2965
2966,"Sigil of Destruction",Bolt,2.5,0,20,118.0,12,2966,2966
2967,"Lesser Sigil of Devastation",Bolt,2.5,0,20,156.0,12,2967,2967
2968,"Sigil of Devastation",Bolt,2.5,0,20,198.0,12,2968,2968
2969,"Lesser Sigil of Undoing",Bolt,2.5,0,20,250.0,12,2969,2969
2970,"Sigil of Undoing",Bolt,2.5,0,20,317.0,12,2970,2970
2971,"Vex of Heat",HeatResistDebuff,2.0,15,0,0.0,13,2971,2971
2972,"Vex of Fire",HeatResistDebuff,2.0,15,0,0.0,13,2972,2972
2973,"Vex of Flames",HeatResistDebuff,2.0,15,0,0.0,13,2973,2973
2974,"Vex of Cold",ColdResistDebuff,2.0,8,0,0.0,11,2974,2974
2975,"Vex of Frost",ColdResistDebuff,2.0,8,0,0.0,11,2975,2975
2976,"Vex of Ice",ColdResistDebuff,2.0,8,0,0.0,11,2976,2976
2977,"Vex of Soil",MatterResistDebuff,2.0,15,0,0.0,14,2977,2977
2978,"Vex of Dirt",MatterResistDebuff,2.0,15,0,0.0,14,2978,2978
2979,"Vex of Earth",MatterResistDebuff,2.0,15,0,0.0,14,2979,2979
2991,"Mark of Ruin",DirectDamage,3.0,0,6,73.0,12,2991,2991
2992,"Mark of Havoc",DirectDamage,3.0,0,6,96.0,12,2992,2992
2993,"Mark of Devastation",DirectDamage,3.0,0,6,128.0,12,2993,2993
2994,"Mark of Undoing",DirectDamage,3.0,0,6,155.0,12,2994,2994
3001,"Minor Mending",Heal,2.2,0,0,0.0,0,3001,3001
3002,"Minor Refinement",Heal,2.2,0,0,0.0,0,3002,3002
3003,"Minor Improvement",Heal,2.2,0,0,0.0,0,3003,3003
3004,"Minor Reconstitution",Heal,2.2,0,0,0.0,0,3004,3004
3005,"Minor Amelioration",Heal,2.2,0,0,0.0,0,3005,3005
3006,"Minor Purification",Heal,2.2,0,0,0.0,0,3006,3006
3007,"Minor Recovery",Heal,2.2,0,0,0.0,0,3007,3007
3008,"Minor Reparation",Heal,2.2,0,0,0.0,0,3008,3008
3009,"Minor Restoration",Heal,2.2,0,0,0.0,0,3009,3009
3010,"Minor Reconstruction",Heal,2.2,0,0,0.0,0,3010,3010
3011,"Minor Emendation",Heal,2.2,0,0,0.0,0,3011,3011
3021,Refinement,Heal,2.8,0,0,0.0,0,3021,3021
3022,Improvement,Heal,2.8,0,0,0.0,0,3022,3022
3023,Reconstitution,Heal,2.8,0,0,0.0,0,3023,3023
3024,Amelioration,Heal,2.8,0,0,0.0,0,3024,3024
3025,Purification,Heal,2.8,0,0,0.0,0,3025,3025
3026,Recovery,Heal,2.8,0,0,0.0,0,3026,3026
3027,Reparation,Heal,2.8,0,0,0.0,0,3027,3027
3028,Restoration,Heal,2.8,0,0,0.0,0,3028,3028
3029,Reconstruction,Heal,2.8,0,0,0.0,0,3029,3029
3030,Emendation,Heal,2.8,0,0,0.0,0,3030,3030
3031,"Arrival from Valhalla",Resurrect,4.0,0,0,0.0,0,3031,3031
3041,"Group Reparation",Heal,3.0,0,0,0.0,0,3041,3041
3042,"Group Purification",Heal,3.0,0,0,0.0,0,3042,3042
3043,"Group Restoration",Heal,3.0,0,0,0.0,0,3043,3043
3044,"Group Emendation",Heal,3.0,0,0,0.0,0,3044,3044
3051,"Major Reconstitution",Heal,3.2,0,0,0.0,0,3051,3051
3052,"Major Amelioration",Heal,3.2,0,0,0.0,0,3052,3052
3053,"Major Purification",Heal,3.2,0,0,0.0,0,3053,3053
3054,"Major Recovery",Heal,3.2,0,0,0.0,0,3054,3054
3055,"Major Reparation",Heal,3.2,0,0,0.0,0,3055,3055
3056,"Major Restoration",Heal,3.2,0,0,0.0,0,3056,3056
3057,"Major Reconstruction",Heal,3.2,0,0,0.0,0,3057,3057
3058,"Major Emendation",Heal,3.2,0,0,0.0,0,3058,3058
3061,"Greater Amelioration",Heal,3.5,0,0,0.0,0,3061,3061
3062,"Greater Purification",Heal,3.5,0,0,0.0,0,3062,3062
3063,"Greater Recovery",Heal,3.4,0,0,0.0,0,3063,3063
3064,"Greater Reparation",Heal,3.3,0,0,0.0,0,3064,3064
3065,"Greater Restoration",Heal,3.1,0,0,0.0,0,3065,3065
3066,"Greater Reconstruction",Heal,3.0,0,0,0.0,0,3066,3066
3067,"Greater Emendation",Heal,2.8,0,0,0.0,0,3067,3067
3071,"Cure Disease",CureDisease,3.0,0,0,0.0,0,3071,3071
3072,"Cure Poison",CurePoison,3.0,0,0,0.0,0,3072,3072
3075,"Reception from Valhalla",Resurrect,4.0,0,0,0.0,0,3075,3075
3076,"Welcome from Valhalla",Resurrect,4.0,0,0,0.0,0,3076,3076
3077,"Remigration from Valhalla",Resurrect,4.0,0,0,0.0,0,3077,3077
3081,"Favor from Eir",Heal,0.0,0,900,0.0,0,3081,3081
3082,"Boon from Eir",Heal,0.0,0,900,0.0,0,3082,3082
3083,"Dispensation from Eir",Heal,0.0,0,900,0.0,0,3083,3083
3084,"Tribute from Eir",Heal,0.0,0,900,0.0,0,3084,3084
3085,"Eir's Glorious Touch",Heal,0.0,0,1200,0.0,0,3085,3085
3086,"Eir's Magnificent Touch",Heal,0.0,0,1200,0.0,0,3086,3086
3087,"Eir's Heavenly Touch",Heal,0.0,0,1200,0.0,0,3087,3087
3088,"Favor of Battle",Heal,3.7,0,0,0.0,0,3088,3088
3089,"Boon of Battle",Heal,3.5,0,0,0.0,0,3089,3089
3090,"Dispensation of Battle",Heal,3.3,0,0,0.0,0,3090,3090
3091,"Tribute of Battle",Heal,3.1,0,0,0.0,0,3091,3091
3092,"Ancestor's Gift",SpreadHeal,3.5,0,0,0.0,0,3092,3092
3093,"Ancestor's Favor",SpreadHeal,3.5,0,0,0.0,0,3099,3099
3094,"Ancestor's Boon",SpreadHeal,3.5,0,0,0.0,0,3100,3100
3098,"Fungal Rejuvenation",HealthRegenBuff,4.0,30,0,0.0,0,3131,3131
3099,"Fungal Regeneration",HealthRegenBuff,4.0,30,0,0.0,0,3132,3132
3100,"Fungal Restoration",HealthRegenBuff,4.0,30,0,0.0,0,3133,3133
3101,"Major Reconstitution",Heal,3.2,0,0,0.0,0,3101,3101
3102,"Major Amelioration",Heal,3.2,0,0,0.0,0,3102,3102
3103,"Major Purification",Heal,3.2,0,0,0.0,0,3103,3103
3104,"Major Recovery",Heal,3.2,0,0,0.0,0,3104,3104
3105,"Major Reparation",Heal,3.2,0,0,0.0,0,3105,3105
3106,"Major Restoration",Heal,3.2,0,0,0.0,0,3106,3106
3107,"Major Reconstruction",Heal,3.2,0,0,0.0,0,3107,3107
3108,"Major Emendation",Heal,3.2,0,0,0.0,0,3108,3108
3111,"Frigg's Antidote",HealthRegenBuff,3.0,30,0,0.0,0,3111,3111
3112,"Frigg's Medicant",HealthRegenBuff,3.0,30,0,0.0,0,3112,3112
3113,"Frigg's Cure",HealthRegenBuff,3.0,30,0,0.0,0,3113,3113
3114,"Frigg's Elixir",HealthRegenBuff,3.0,30,0,0.0,0,3114,3114
3115,"Frigg's Panacea",HealthRegenBuff,3.0,30,0,0.0,0,3115,3115
3116,"Frigg's Remedy",HealthRegenBuff,3.0,30,0,0.0,0,3116,3116
3117,"Frigg's Balm",HealthRegenBuff,3.0,30,0,0.0,0,3117,3117
3121,"Reception from Valhalla",Resurrect,4.0,0,0,0.0,0,3121,3121
3131,"Blessed Encouragement",HealOverTime,4.0,15,0,0.0,0,3131,3131
3132,"Holy Encouragement",HealOverTime,4.0,15,0,0.0,0,3132,3132
3133,"Divine Encouragement",HealOverTime,4.0,15,0,0.0,0,3133,3133
3151,"Guardian's Lesser Ward",BaseArmorFactorBuff,3.0,0,0,0.0,0,3151,3151
3152,"Guardian's Ward",BaseArmorFactorBuff,3.0,0,0,0.0,0,3152,3152
3153,"Guardian's Lesser Shield",BaseArmorFactorBuff,3.0,0,0,0.0,0,3153,3153
3154,"Guardian's Shield",BaseArmorFactorBuff,3.0,0,0,0.0,0,3154,3154
3155,"Guardian's Lesser Barrier",BaseArmorFactorBuff,3.0,0,0,0.0,0,3155,3155
3156,"Guardian's Barrier",BaseArmorFactorBuff,3.0,0,0,0.0,0,3156,3156
3157,"Guardian's Lesser Protection",BaseArmorFactorBuff,3.0,0,0,0.0,0,3157,3157
3161,"Lesser Strength of the Viking",StrengthBuff,3.0,0,0,0.0,0,3161,3161
3162,"Strength of the Viking",StrengthBuff,3.0,0,0,0.0,0,3162,3162
3163,"Lesser Vigor of the Viking",StrengthBuff,3.0,0,0,0.0,0,3163,3163
3164,"Vigor of the Viking",StrengthBuff,3.0,0,0,0.0,0,3164,3164
3165,"Lesser Power of the Viking",StrengthBuff,3.0,0,0,0.0,0,3165,3165
3166,"Power of the Viking",StrengthBuff,3.0,0,0,0.0,0,3166,3166
3167,"Lesser Might of the Viking",StrengthBuff,3.0,0,0,0.0,0,3167,3167
3168,"Might of the Viking",StrengthBuff,3.0,0,0,0.0,0,3168,3168
3171,"Minor Evasion",DexterityBuff,3.0,0,0,0.0,0,3171,3171
3172,"Lesser Evasion",DexterityBuff,3.0,0,0,0.0,0,3172,3172
3173,Evasion,DexterityBuff,3.0,0,0,0.0,0,3173,3173
3174,"Major Evasion",DexterityBuff,3.0,0,0,0.0,0,3174,3174
3175,"Greater Evasion",DexterityBuff,3.0,0,0,0.0,0,3175,3175
3176,"Superior Evasion",DexterityBuff,3.0,0,0,0.0,0,3176,3176
3181,"Augment Health",ConstitutionBuff,3.0,0,0,0.0,0,3181,3181
3182,"Increase Health",ConstitutionBuff,3.0,0,0,0.0,0,3182,3182
3183,"Enhance Health",ConstitutionBuff,3.0,0,0,0.0,0,3183,3183
3184,"Strengthen Health",ConstitutionBuff,3.0,0,0,0.0,0,3184,3184
3185,"Exaggerate Health",ConstitutionBuff,3.0,0,0,0.0,0,3185,3185
3186,"Intensify Health",ConstitutionBuff,3.0,0,0,0.0,0,3186,3186
3187,"Amplify Health",ConstitutionBuff,3.0,0,0,0.0,0,3187,3187
3201,"Augmented Blow",DamageAdd,3.0,0,0,1.0,15,3201,3201
3202,"Increased Blow",DamageAdd,3.0,0,0,1.6,15,3202,3202
3203,"Enhanced Blow",DamageAdd,3.0,0,0,2.3,15,3203,3203
3204,"Strengthen Blow",DamageAdd,3.0,0,0,3.1,15,3204,3204
3205,"Exaggerated Blow",DamageAdd,3.0,0,0,4.2,15,3205,3205
3206,"Intensified Blow",DamageAdd,3.0,0,0,5.4,15,3206,3206
3207,"Amplified Blow",DamageAdd,3.0,0,0,7.1,15,3207,3207
3208,"Burgeoned Blow",DamageAdd,3.0,0,0,9.0,15,3208,3208
3209,"Exalted Blow",DamageAdd,3.0,0,0,11.1,15,3209,3209
3211,"Lesser Purity of Attack",CombatSpeedBuff,3.5,0,0,0.0,0,3211,3211
3212,"Purity of Attack",CombatSpeedBuff,3.5,0,0,0.0,0,3212,3212
3213,"Lesser Purity of Offense",CombatSpeedBuff,3.5,0,0,0.0,0,3213,3213
3214,"Purity of Offense",CombatSpeedBuff,3.5,0,0,0.0,0,3214,3214
3215,"Lesser Purity of Aggression",CombatSpeedBuff,3.5,0,0,0.0,0,3215,3215
3216,"Purity of Aggression",CombatSpeedBuff,3.5,0,0,0.0,0,3216,3216
3221,"Ease of Movement",SpeedEnhancement,3.0,6,0,0.0,0,3221,3221
3222,"Flow of Movement",SpeedEnhancement,3.0,6,0,0.0,0,3222,3222
3223,"Grace of Movement",SpeedEnhancement,3.0,6,0,0.0,0,3223,3223
3224,"Purity of Movement",SpeedEnhancement,3.0,6,0,0.0,0,3224,3224
3225,"Elegance of Movement",SpeedEnhancement,3.0,6,0,0.0,0,3225,3225
3226,"Gods' Health",BodyResistBuff,3.0,1200,0,0.0,0,3226,3226
3227,"Gods' Vigor",BodyResistBuff,3.0,1200,0,0.0,0,3227,3227
3228,"Gods' Potency",BodyResistBuff,3.0,1200,0,0.0,0,3228,3228
3229,"Gods' Drive",SpiritResistBuff,3.0,1200,0,0.0,0,3229,3229
3230,"Gods' Will",SpiritResistBuff,3.0,1200,0,0.0,0,3230,3230
3231,"Gods' Spirit",SpiritResistBuff,3.0,1200,0,0.0,0,3231,3231
3232,"Thunder Affinity",EnergyResistBuff,3.0,1200,0,0.0,0,3232,3232
3233,"Storm Affinity",EnergyResistBuff,3.0,1200,0,0.0,0,3233,3233
3234,"Lightning Affinity",EnergyResistBuff,3.0,600,0,0.0,0,3234,3234
3235,Celerity,CombatSpeedBuff,3.0,20,0,0.0,0,3235,3235
3236,"Enhanced Celerity",CombatSpeedBuff,3.0,20,0,0.0,0,3236,3236
3237,"Amplified Celerity",CombatSpeedBuff,3.0,20,0,0.0,0,3237,3237
3238,"Pure Celerity",CombatSpeedBuff,2.0,20,0,0.0,0,3238,3238
3239,"Asgard's Lesser Strength",StrengthConstitutionBuff,3.0,1200,0,0.0,0,3239,3239
3240,"Asgard's Strength",StrengthConstitutionBuff,3.0,1200,0,0.0,0,3240,3240
3241,"Asgard's Lesser Potence",StrengthConstitutionBuff,3.0,1200,0,0.0,0,3241,3241
3242,"Asgard's Potence",StrengthConstitutionBuff,3.0,1200,0,0.0,0,3242,3242
3243,"Asgard's Lesser Might",StrengthConstitutionBuff,3.0,1200,0,0.0,0,3243,3243
3244,"Asgard's Might",StrengthConstitutionBuff,3.0,1200,0,0.0,0,3244,3244
3245,"Asgard's Lesser Defense",DamageShield,3.0,1200,0,3.5,15,3245,3245
3246,"Asgard's Defense",DamageShield,3.0,1200,0,5.2,15,3246,3246
3247,"Asgard's Protection",DamageShield,3.0,1200,0,6.9,15,3247,3247
3248,"Asgard's Deflection",DamageShield,3.0,1200,0,9.8,15,3248,3248
3249,"Asgard's Greater Deflection",DamageShield,3.0,1200,0,10.9,15,3249,3249
3251,"Minor Force of the Deep",DamageAdd,3.0,1200,0,0.7,14,3251,3251
3252,"Lesser Force of the Deep",DamageAdd,3.0,1200,0,1.0,14,3252,3252
3253,"Force of the Deep",DamageAdd,3.0,1200,0,1.3,14,3253,3253
3254,"Major Force of the Deep",DamageAdd,3.0,1200,0,1.6,14,3254,3254
3255,"Greater Force of the Deep",DamageAdd,3.0,1200,0,2.0,14,3255,3255
3256,"Superior Force of the Deep",DamageAdd,3.0,1200,0,2.4,14,3256,3256
3257,"Mighty Force of the Deep",DamageAdd,3.0,1200,0,3.0,14,3257,3257
3258,"Supreme Force of the Deep",DamageAdd,3.0,1200,0,3.7,14,3258,3258
3259,"Ultimate Force of the Deep",DamageAdd,3.0,1200,0,4.6,14,3259,3259
3261,"Strength of the Deep",StrengthConstitutionBuff,3.0,0,0,0.0,0,3261,3261
3262,"Vigor of the Deep",StrengthConstitutionBuff,3.0,0,0,0.0,0,3262,3262
3263,"Energy of the Deep",StrengthConstitutionBuff,3.0,0,0,0.0,0,3263,3263
3264,"Vitality of the Deep",StrengthConstitutionBuff,3.0,0,0,0.0,0,3264,3264
3265,"Might of the Deep",StrengthConstitutionBuff,3.0,0,0,0.0,0,3265,3265
3266,"Potence of the Deep",StrengthConstitutionBuff,3.0,0,0,0.0,0,3266,3266
3267,"Fortification of the Deep",StrengthConstitutionBuff,3.0,0,0,0.0,0,3267,3267
3268,"Power of the Deep",StrengthConstitutionBuff,3.0,0,0,0.0,0,3268,3268
3271,"Gloom's Guide",DexterityQuicknessBuff,3.0,0,0,0.0,0,3271,3271
3272,"Gloom's Wisdom",DexterityQuicknessBuff,3.0,0,0,0.0,0,3272,3272
3273,"Gloom's Enlightenment",DexterityQuicknessBuff,3.0,0,0,0.0,0,3273,3273
3274,"Murk's Guide",DexterityQuicknessBuff,3.0,0,0,0.0,0,3274,3274
3275,"Murk's Wisdom",DexterityQuicknessBuff,3.0,0,0,0.0,0,3275,3275
3276,"Murk's Enlightenment",DexterityQuicknessBuff,3.0,0,0,0.0,0,3276,3276
3277,"Shadow's Wisdom",DexterityQuicknessBuff,3.0,0,0,0.0,0,3277,3277
3278,"Shadow's Enlightenment",DexterityQuicknessBuff,3.0,0,0,0.0,0,3278,3278
3281,"Sight of the Deep",AcuityBuff,3.0,0,0,0.0,0,3281,3281
3282,"Wisdom of the Deep",AcuityBuff,3.0,0,0,0.0,0,3282,3282
3283,"Sagacity of the Deep",AcuityBuff,3.0,0,0,0.0,0,3283,3283
3284,"Vision of the Deep",AcuityBuff,3.0,0,0,0.0,0,3284,3284
3285,"Wrap of the Deep",HeatResistBuff,3.0,1200,0,0.0,0,3285,3285
3286,"Shroud of the Deep",HeatResistBuff,3.0,1200,0,0.0,0,3286,3286
3287,"Caress of the Deep",HeatResistBuff,3.0,1200,0,0.0,0,3287,3287
3288,"Warmth from Below",ColdResistBuff,3.0,1200,0,0.0,0,3288,3288
3289,"Heat from Below",ColdResistBuff,3.0,1200,0,0.0,0,3289,3289
3290,"Fires from Below",ColdResistBuff,3.0,1200,0,0.0,0,3290,3290
3291,"Rock Unity",MatterResistBuff,3.0,1200,0,0.0,0,3291,3291
3292,"Stone Unity",MatterResistBuff,3.0,1200,0,0.0,0,3292,3292
3293,"Cavern Unity",MatterResistBuff,3.0,1200,0,0.0,0,3293,3293
3294,"Minor Earth Invigoration",EnduranceRegenBuff,3.0,0,0,0.0,0,3294,3294
3295,"Lesser Earth Invigoration",EnduranceRegenBuff,3.0,0,0,0.0,0,3295,3295
3296,"Earth Invigoration",EnduranceRegenBuff,3.0,0,0,0.0,0,3296,3296
3297,"Greater Earth Invigoration",EnduranceRegenBuff,3.0,0,0,0.0,0,3297,3297
3298,"Superior Earth Invigoration",EnduranceRegenBuff,3.0,0,0,0.0,0,3298,3298
3301,Lull,Mesmerize,2.5,16,0,0.0,10,3301,3301
3302,"Greater Lull",Mesmerize,2.5,21,0,0.0,10,3302,3302
3303,Diversion,Mesmerize,2.5,28,0,0.0,10,3303,3303
3304,"Greater Diversion",Mesmerize,2.5,35,0,0.0,10,3304,3304
3305,Sedate,Mesmerize,2.5,43,0,0.0,10,3305,3305
3306,"Greater Sedation",Mesmerize,2.5,52,0,0.0,10,3306,3306
3307,Entrance,Mesmerize,2.5,61,0,0.0,10,3307,3307
3308,"Greater Entrancement",Mesmerize,2.5,70,0,0.0,10,3308,3308
3311,"Wake Senseless",Amnesia,2.0,0,0,0.0,0,3311,3311
3312,"Wake Forgetful",Amnesia,2.0,0,0,0.0,0,3312,3312
3313,"Wake Ignorant",Amnesia,2.0,0,0,0.0,0,3313,3313
3314,"Wake Mindless",Amnesia,2.0,0,0,0.0,0,3314,3314
3315,"Wake Oblivious",Amnesia,2.0,0,0,0.0,0,3315,3315
3321,"Halt Aggression",Stun,2.5,6,0,0.0,10,3321,3321
3322,"Halt Hostility",Stun,2.5,7,0,0.0,10,3322,3322
3323,"Halt Attack",Stun,2.5,8,0,0.0,10,3323,3323
3324,"Halt Offense",Stun,2.5,9,0,0.0,10,3324,3324
3325,"Halt Rally",Stun,2.5,10,0,0.0,10,3325,3325
3326,"Halt Invasion",Stun,2.5,11,0,0.0,10,3326,3326
3327,"Cleanse Mind",CureMezz,3.0,0,0,0.0,0,3327,3327
3351,"Hinder Spirit",CombatSpeedDebuff,0.0,20,5,0.0,10,3351,3351
3352,"Harry Spirit",CombatSpeedDebuff,0.0,20,5,0.0,10,3352,3352
3353,"Restrain Spirit",CombatSpeedDebuff,0.0,20,5,0.0,10,3353,3353
3354,"Obstruct Spirit",CombatSpeedDebuff,0.0,20,5,0.0,10,3354,3354
3355,"Block Spirit",CombatSpeedDebuff,0.0,20,5,0.0,10,3355,3355
3356,"Impede Spirit",CombatSpeedDebuff,0.0,20,5,0.0,10,3356,3356
3361,"Purity of Mind",PowerRegenBuff,3.0,0,0,0.0,0,3361,3361
3362,"Purity of Thought",PowerRegenBuff,3.0,0,0,0.0,0,3362,3362
3363,"Purity of Intellect",PowerRegenBuff,3.0,0,0,0.0,0,3363,3363
3364,"Purity of Contemplation",PowerRegenBuff,3.0,0,0,0.0,0,3364,3364
3365,"Purity of Meditation",PowerRegenBuff,3.0,0,0,0.0,0,3365,3365
3366,"Allay Area",Mesmerize,3.0,16,0,0.0,10,3366,3366
3367,"Pacify Area",Mesmerize,3.0,25,0,0.0,10,3367,3367
3368,"Conciliate Area",Mesmerize,3.0,34,0,0.0,10,3368,3368
3369,"Placate Area",Mesmerize,3.0,43,0,0.0,10,3369,3369
3370,"Harmonize Area",Mesmerize,3.0,52,0,0.0,10,3370,3370
3371,"Tranquilize Area",Mesmerize,3.0,65,0,0.0,10,3371,3371
3375,"Suspend Charge",Stun,2.5,6,0,0.0,10,3375,3375
3376,"Halt Charge",Stun,2.5,7,0,0.0,10,3376,3376
3377,"Interrupt Charge",Stun,2.5,9,0,0.0,10,3377,3377
3378,"Nullify Charge",Stun,2.5,10,0,0.0,10,3378,3378
3379,"Cease Charge",Stun,2.5,11,0,0.0,10,3379,3379
3381,"Deny Movement",SpeedDecrease,2.5,9,0,0.0,10,3381,3381
3382,"Repel Movement",SpeedDecrease,2.5,14,0,0.0,10,3382,3382
3383,"Reject Movement",SpeedDecrease,2.5,21,0,0.0,10,3383,3383
3384,"Negate Movement",SpeedDecrease,2.5,30,0,0.0,10,3384,3384
3385,"Deny Advancement",SpeedDecrease,2.5,38,0,0.0,10,3385,3385
3386,"Repel Advancement",SpeedDecrease,2.5,47,0,0.0,10,3386,3386
3387,"Reject Advancement",SpeedDecrease,2.5,56,0,0.0,10,3387,3387
3388,"Negate Advancement",SpeedDecrease,2.5,69,0,0.0,10,3388,3388
3391,"Pacifying Glance",Mesmerize,0.0,22,600,0.0,10,3391,3391
3392,"Pacifying Glare",Mesmerize,0.0,26,600,0.0,10,3392,3392
3393,"Pacifying Gaze",Mesmerize,0.0,31,600,0.0,10,3393,3393
3394,"Paralyzing Glance",Stun,0.0,8,600,0.0,10,3394,3394
3395,"Paralyzing Glare",Stun,0.0,9,600,0.0,10,3395,3395
3396,"Paralizing Gaze",Stun,0.0,10,600,0.0,10,3396,3396
3401,"Fungal Dispersion",DamageOverTime,3.0,24,0,2.0,10,3401,3401
3402,"Fungal Deterioration",DamageOverTime,3.0,24,0,7.0,10,3402,3402
3403,"Fungal Decay",DamageOverTime,3.0,24,0,13.0,10,3403,3403
3404,"Fungal Solvent",DamageOverTime,3.0,24,0,19.0,10,3404,3404
3405,"Fungal Disintegration",DamageOverTime,3.0,24,0,27.0,10,3405,3405
3406,"Fungal Erosion",DamageOverTime,3.0,24,0,35.0,10,3406,3406
3407,"Fungal  Degeneration",DamageOverTime,3.0,24,0,45.0,10,3407,3407
3408,"Fungal Devolution",DamageOverTime,3.0,24,0,53.0,10,3408,3408
3409,"Fungal Decrepitude",DamageOverTime,3.0,24,0,63.0,10,3409,3409
3410,"Fungal Dilapidation",DamageOverTime,3.0,24,0,73.0,10,3410,3410
3411,"Fungal Blight",DamageOverTime,3.0,24,0,87.0,10,3411,3411
3421,"Sickening Spores",Disease,3.0,60,0,0.0,10,3421,3421
3422,"Infectious Spores",Disease,3.0,90,0,0.0,10,3422,3422
3423,"Fevering Spores",Disease,3.0,120,0,0.0,10,3423,3423
3424,"Festering Spores",Disease,3.0,150,0,0.0,10,3424,3424
3425,"Plague Spores",Disease,3.0,180,0,0.0,10,3425,3425
3431,"Grasping Creepers",SpeedDecrease,2.5,18,0,0.0,14,3431,3431
3432,"Bonding Creepers",SpeedDecrease,2.5,24,0,0.0,14,3432,3432
3433,"Webbing Creepers",SpeedDecrease,2.5,30,0,0.0,14,3433,3433
3434,"Clutching Creepers",SpeedDecrease,2.5,36,0,0.0,14,3434,3434
3435,"Holding Creepers",SpeedDecrease,2.5,43,0,0.0,14,3435,3435
3436,"Tangling Creepers",SpeedDecrease,2.5,54,0,0.0,14,3436,3436
3437,"Tenacious Creepers",SpeedDecrease,2.5,63,0,0.0,14,3437,3437
3438,"Detaining Creepers",SpeedDecrease,2.5,73,0,0.0,14,3438,3438
3439,"Clenching Creepers",SpeedDecrease,2.5,84,0,0.0,14,3439,3439
3451,"Fungal Covering",DamageShield,4.0,0,0,0.8,14,3451,3451
3452,"Fungal Pod",DamageShield,4.0,0,0,1.1,14,3452,3452
3453,"Fungal Case",DamageShield,4.0,0,0,1.5,14,3453,3453
3454,"Fungal Wrap",DamageShield,4.0,0,0,2.1,14,3454,3454
3455,"Fungal Coat",DamageShield,4.0,0,0,2.8,14,3455,3455
3456,"Fungal Sheath",DamageShield,4.0,0,0,3.6,14,3456,3456
3457,"Fungal Husk",DamageShield,4.0,0,0,4.5,14,3457,3457
3461,"Fungal Pin",Bolt,2.5,0,20,7.0,14,3461,3461
3462,"Fungal Burr",Bolt,2.5,0,20,26.0,14,3462,3462
3463,"Fungal Spike",Bolt,2.5,0,20,45.0,14,3463,3463
3464,"Fungal Bramble",Bolt,2.5,0,20,63.0,14,3464,3464
3465,"Fungal Spur",Bolt,2.5,0,20,89.0,14,3465,3465
3466,"Fungal Thistle",Bolt,2.5,0,20,114.0,14,3466,3466
3467,"Fungal Thorn",Bolt,2.5,0,20,145.0,14,3467,3467
3468,"Fungal Needle",Bolt,2.5,0,20,169.0,14,3468,3468
3469,"Fungal Barb",Bolt,2.5,0,20,201.0,14,3469,3469
3470,"Fungal Spine",Bolt,2.5,0,20,232.0,14,3470,3470
3471,"Spore Cloud",DamageOverTime,3.0,24,0,31.0,14,3471,3471
3472,"Spore Burst",DamageOverTime,3.0,24,0,41.0,14,3472,3472
3473,"Spore Explosion",DamageOverTime,3.0,24,0,53.0,14,3473,3473
3474,"Spore Storm",DamageOverTime,3.0,24,0,65.0,14,3474,3474
3475,"Spore Whirlwind",DamageOverTime,3.0,24,0,83.0,14,3475,3475
3476,"Vine Field",SpeedDecrease,3.0,38,0,0.0,14,3476,3476
3477,"Weed Field",SpeedDecrease,3.0,50,0,0.0,14,3477,3477
3478,"Creeper Field",SpeedDecrease,3.0,60,0,0.0,14,3478,3478
3479,"Tendril Field",SpeedDecrease,3.0,73,0,0.0,14,3479,3479
3480,"Mold Cloud",Disease,0.0,120,8,0.0,14,3480,3480
3481,"Mold Burst",Disease,0.0,150,8,0.0,14,3481,3481
3482,"Mold Explosion",Disease,0.0,180,8,0.0,14,3482,3482
3485,"Fungal Mud",DirectDamage,3.0,0,20,5.0,14,3485,3485
3486,"Fungal Froth",DirectDamage,3.0,0,20,17.0,14,3486,3486
3487,"Fungal Muck",DirectDamage,3.0,0,20,29.0,14,3487,3487
3488,"Fungal Slush",DirectDamage,3.0,0,20,40.0,14,3488,3488
3489,"Fungal Slime",DirectDamage,3.0,0,20,57.0,14,3489,3489
3490,"Fungal Ooze",DirectDamage,3.0,0,20,73.0,14,3490,3490
3491,"Fungal Sludge",DirectDamage,3.0,0,20,92.0,14,3491,3491
3492,"Fungal Ichor",DirectDamage,3.0,0,20,108.0,14,3492,3492
3493,"Fungal Scum",DirectDamage,3.0,0,20,128.0,14,3493,3493
3494,"Fungal Mucus",DirectDamage,3.0,0,20,148.0,14,3494,3494
3501,"Thor's Minor Bolt",DirectDamage,3.0,0,0,4.0,12,3501,3501
3502,"Thor's Lesser Bolt",DirectDamage,3.0,0,0,11.0,12,3502,3502
3503,"Thor's Bolt",DirectDamage,3.0,0,0,22.0,12,3503,3503
3504,"Thor's Greater Bolt",DirectDamage,3.0,0,0,32.0,12,3504,3504
3505,"Thor's Major Bolt",DirectDamage,3.0,0,0,42.0,12,3505,3505
3506,"Thor's Minor Lightning",DirectDamage,3.0,0,0,55.0,12,3506,3506
3507,"Thor's Lesser Lightning",DirectDamage,3.0,0,0,73.0,12,3507,3507
3508,"Thor's Lightning",DirectDamage,3.0,0,0,92.0,12,3508,3508
3509,"Thor's Greater Lightning",DirectDamage,3.0,0,0,120.0,12,3509,3509
3510,"Thor's Full Lightning",DirectDamage,3.0,0,0,151.0,12,3510,3510
3511,"Thunder's Bash",DamageAdd,3.0,1200,0,1.2,12,3511,3511
3512,"Thunder's Hammer",DamageAdd,3.0,1200,0,2.1,12,3512,3512
3513,"Thunder's Force",DamageAdd,3.0,1200,0,2.9,12,3513,3513
3514,"Thunder's Crush",DamageAdd,3.0,1200,0,4.2,12,3514,3514
3515,"Thunder's Strike",DamageAdd,3.0,1200,0,5.4,12,3515,3515
3516,"Thunder's Blow",DamageAdd,3.0,1200,0,7.3,12,3516,3516
3517,"Thunder's Rend",DamageAdd,3.0,1200,0,9.4,12,3517,3517
3521,"Thunder Shout",DirectDamage,0.0,0,20,15.0,12,3521,3521
3522,"Greater Thunder Shout",DirectDamage,0.0,0,20,24.0,12,3522,3522
3523,"Thunder Howl",DirectDamage,0.0,0,20,27.0,12,3523,3523
3524,"Greater Thunder Howl",DirectDamage,0.0,0,20,32.0,12,3524,3524
3525,"Thunder Bellow",DirectDamage,0.0,0,20,49.0,12,3525,3525
3526,"Greater Thunder Bellow",DirectDamage,0.0,0,20,66.0,12,3526,3526
3527,"Thunder Roar",DirectDamage,0.0,0,20,89.0,12,3527,3527
3528,"Greater Thunder Roar",DirectDamage,0.0,0,20,114.0,12,3528,3528
3531,"Thor's Vigor",StrengthConstitutionBuff,3.0,1200,0,0.0,0,3531,3531
3532,"Thor's Strength",StrengthConstitutionBuff,3.0,1200,0,0.0,0,3532,3532
3533,"Thor's Power",StrengthConstitutionBuff,3.0,1200,0,0.0,0,3533,3533
3534,"Thor's Might",StrengthConstitutionBuff,3.0,1200,0,0.0,0,3534,3534
3535,"Thor's Vitality",StrengthConstitutionBuff,3.0,1200,0,0.0,0,3535,3535
3536,"Thor's Fortification",StrengthConstitutionBuff,3.0,1200,0,0.0,0,3536,3536
3537,"Thor's Potence",StrengthConstitutionBuff,3.0,1200,0,0.0,0,3537,3537
3538,"Call Mjollnir",DirectDamage,4.0,0,0,60.0,12,3538,3538
3539,"Invoke Mjollnir",DirectDamage,4.0,0,0,79.0,12,3539,3539
3540,"Summon Mjollnir",DirectDamage,4.0,0,0,127.0,12,3540,3540
3541,"Command Mjollnir",DirectDamage,4.0,0,0,163.0,12,3541,3541
3542,"Toothgrinder's Hoof",DirectDamage,0.0,0,20,19.0,12,3542,3542
3543,"Toothgnasher's Hoof",DirectDamage,0.0,0,20,24.0,12,3543,3543
3544,"Toothgrinder's Bite",DirectDamage,0.0,0,20,27.0,12,3544,3544
3545,"Toothgnasher's Bite",DirectDamage,0.0,0,20,32.0,12,3545,3545
3546,"Toothgrinder's Horn",DirectDamage,0.0,0,20,49.0,12,3546,3546
3547,"Toothgnasher's Horn",DirectDamage,0.0,0,20,66.0,12,3547,3547
3548,"Toothgrinder's Ram",DirectDamage,0.0,0,20,89.0,12,3548,3548
3549,"Toothgnasher's Ram",DirectDamage,0.0,0,20,114.0,12,3549,3549
3551,"Minor Call of Gleipnir",Charm,4.0,65535,0,82.0,15,3551,3551
3552,"Lesser Call of Gleipnir",Charm,4.0,65535,0,82.0,15,3552,3552
3553,"Call of Gleipnir",Charm,4.0,65535,0,82.0,15,3553,3553
3554,"Greater Call of Gleipnir",Charm,4.0,65535,0,82.0,15,3554,3554
3555,"Superior Call of Gleipnir",Charm,4.0,65535,0,82.0,15,3555,3555
3556,"Nimbleness of the Lynx",DexterityQuicknessBuff,3.0,1200,0,0.0,0,3556,3556
3557,"Agility of the Lynx",DexterityQuicknessBuff,3.0,1200,0,0.0,0,3557,3557
3558,"Dexterity of the Lynx",DexterityQuicknessBuff,3.0,1200,0,0.0,0,3558,3558
3559,"Quickness of the Lynx",DexterityQuicknessBuff,3.0,1200,0,0.0,0,3559,3559
3560,"Alacrity of the Lynx",DexterityQuicknessBuff,3.0,1200,0,0.0,0,3560,3560
3561,"Heart of the Lynx",DexterityQuicknessBuff,3.0,1200,0,0.0,0,3561,3561
3562,"Speed of Prey",SpeedEnhancement,0.0,20,600,0.0,0,3562,3562
3563,"Speed of Quarry",SpeedEnhancement,0.0,30,600,0.0,0,3563,3563
3564,"Speed of the Chased",SpeedEnhancement,0.0,40,600,0.0,0,3564,3564
3565,"Speed of the Pursued",SpeedEnhancement,0.0,50,600,0.0,0,3565,3565
3566,"Speed of the Hunted",SpeedEnhancement,0.0,60,600,0.0,0,3566,3566
3567,"Lynx's Pelt",BaseArmorFactorBuff,3.0,1200,0,0.0,0,3567,3567
3568,"Snake's Scales",BaseArmorFactorBuff,3.0,1200,0,0.0,0,3568,3568
3569,"Wolf's Hide",BaseArmorFactorBuff,3.0,1200,0,0.0,0,3569,3569
3570,"Turtle's Shell",BaseArmorFactorBuff,3.0,1200,0,0.0,0,3570,3570
3571,"Bear's Mantle",BaseArmorFactorBuff,3.0,1200,0,0.0,0,3571,3571
3572,"Crab's Shell",BaseArmorFactorBuff,3.0,1200,0,0.0,0,3572,3572
3573,"Drake's Hide",BaseArmorFactorBuff,3.0,1200,0,0.0,0,3573,3573
3574,"Wyvern's Scales",BaseArmorFactorBuff,3.0,1200,0,0.0,0,3574,3574
3575,"Arachite's Chitin",BaseArmorFactorBuff,3.0,1200,0,0.0,0,3575,3575
3576,"Influence Insect",Charm,4.0,65535,0,82.0,15,3576,3576
3577,"Compel Insect",Charm,4.0,65535,0,82.0,15,3577,3577
3578,"Charm Insect",Charm,4.0,65535,0,82.0,15,3578,3578
3579,"Control Insect",Charm,4.0,65535,0,82.0,15,3579,3579
3580,"Dominate Insect",Charm,4.0,65535,0,82.0,15,3580,3580
3581,"Wild Spirit",StrengthConstitutionBuff,3.0,1200,0,0.0,0,3581,3581
3582,"Feral Spirit",StrengthConstitutionBuff,3.0,1200,0,0.0,0,3582,3582
3583,"Furious Spirit",StrengthConstitutionBuff,3.0,1200,0,0.0,0,3583,3583
3584,"Raging Spirit",StrengthConstitutionBuff,3.0,1200,0,0.0,0,3584,3584
3585,"Frenzied Spirit",StrengthConstitutionBuff,3.0,1200,0,0.0,0,3585,3585
3586,"Hunter's Companion",SummonHunterPet,0.0,65535,120,-80.0,0,3586,3586
3587,"Hunter's Pet",SummonHunterPet,0.0,65535,120,-80.0,0,3587,3587
3588,"Hunter's Ally",SummonHunterPet,0.0,65535,120,-80.0,0,3588,3588
3589,"Hunter's Protector",SummonHunterPet,0.0,65535,120,-80.0,0,3589,3589
3590,"Hunter's Avatar",SummonHunterPet,0.0,65535,120,-82.0,0,3590,3590
3591,"Hunter's Elder Protector",SummonHunterPet,0.0,65535,120,-85.0,0,3590,3591
3592,"Hunter's Elder Avatar",SummonHunterPet,0.0,65535,120,-90.0,0,3590,3590
3601,"Chant of the Brawl",DamageAdd,0.0,5,8,1.3,10,3601,3601
3602,"Chant of the Fight",DamageAdd,0.0,5,8,1.9,10,3602,3602
3603,"Chant of the Charge",DamageAdd,0.0,5,8,2.7,10,3603,3603
3604,"Chant of the Battle",DamageAdd,0.0,5,8,3.4,10,3604,3604
3605,"Chant of the Siege",DamageAdd,0.0,5,8,4.3,10,3605,3605
3606,"Chant of the War",DamageAdd,0.0,5,8,5.8,10,3606,3606
3607,"Chant of Blood",DamageAdd,0.0,5,8,7.5,10,3607,3607
3608,"Simple Song of Travel",SpeedEnhancement,0.0,5,8,0.0,0,3608,3608
3609,"Song of Travel",SpeedEnhancement,0.0,5,8,0.0,0,3609,3609
3610,"Harmonic Song of Travel",SpeedEnhancement,0.0,5,8,0.0,0,3610,3610
3611,"Magnificent Song of Travel",SpeedEnhancement,0.0,5,8,0.0,0,3611,3611
3612,"Heavenly Song of Travel",SpeedEnhancement,0.0,5,8,0.0,0,3612,3612
3613,"Simple Song of Rest",HealthRegenBuff,0.0,5,8,0.0,0,3613,3613
3614,"Song of Rest",HealthRegenBuff,0.0,5,8,0.0,0,3614,3614
3615,"Harmonic Song of Rest",HealthRegenBuff,0.0,5,8,0.0,0,3615,3615
3616,"Magnificent Song of Rest",HealthRegenBuff,0.0,5,8,0.0,0,3616,3616
3617,"Glorious Song of Rest",HealthRegenBuff,0.0,5,8,0.0,0,3617,3617
3618,"Heavenly Song of Rest",HealthRegenBuff,0.0,5,8,0.0,0,3618,3618
3620,Warcry,DirectDamage,0.0,0,15,7.0,10,3620,3620
3621,Warholler,DirectDamage,0.0,0,15,21.0,10,3621,3621
3622,Warshriek,DirectDamage,0.0,0,15,49.0,10,3622,3622
3623,Warbellow,DirectDamage,0.0,0,15,89.0,10,3623,3623
3624,"War Howl",DirectDamage,0.0,0,15,111.0,10,3624,3624
3625,"Battle Whoop",DirectDamage,0.0,0,15,12.0,10,3625,3625
3626,"Battle Shout",DirectDamage,0.0,0,15,32.0,10,3626,3626
3627,"Battle Scream",DirectDamage,0.0,0,15,69.0,10,3627,3627
3628,"Battle Howl",DirectDamage,0.0,0,15,114.0,10,3628,3628
3629,"Stunning Shout",Mesmerize,0.0,11,30,0.0,10,3629,3629
3630,"Disabling Shout",Mesmerize,0.0,15,30,0.0,10,3630,3630
3631,"Crippling Shout",Mesmerize,0.0,18,30,0.0,10,3631,3631
3632,"Incapacitating Shout",Mesmerize,0.0,24,30,0.0,10,3632,3632
3633,"Paralyzing Shout",Mesmerize,0.0,29,30,0.0,10,3633,3633
3634,"Battle Roar",DirectDamage,0.0,0,15,128.0,10,3628,3628
3641,"Compel Surrender",SpeedDecrease,0.0,49,30,0.0,15,3641,3641
3642,"Compel Submission",SpeedDecrease,0.0,59,30,0.0,15,3642,3642
3643,"Compel Resignation",SpeedDecrease,0.0,68,30,0.0,15,3643,3643
3644,"Compel Captulation",SpeedDecrease,0.0,84,30,0.0,15,3644,3644
3645,"Compel Defeat",SpeedDecrease,0.0,101,30,0.0,15,3645,3645
3651,"Body Bolstering Chant",BodyResistBuff,0.0,5,8,0.0,0,3651,3651
3652,"Body Bolstering Song",BodyResistBuff,0.0,5,8,0.0,0,3652,3652
3653,"Spirit Bolstering Chant",SpiritResistBuff,0.0,5,8,0.0,0,3653,3653
3654,"Spirit Bolstering Song",SpiritResistBuff,0.0,5,8,0.0,0,3654,3654
3655,"Energy Diminishing Chant",EnergyResistBuff,0.0,5,8,0.0,0,3655,3655
3656,"Energy Diminishing Song",EnergyResistBuff,0.0,5,8,0.0,0,3656,3656
3657,"Heat Diminishing Chant",HeatResistBuff,0.0,5,8,0.0,0,3657,3657
3658,"Heat Diminishing Song",HeatResistBuff,0.0,5,8,0.0,0,3658,3658
3659,"Cold Diminishing Chant",ColdResistBuff,0.0,5,8,0.0,0,3659,3659
3661,"Matter Diffusing Chant",MatterResistBuff,0.0,5,8,0.0,0,3661,3661
3662,"Matter Diffusing Song",MatterResistBuff,0.0,5,8,0.0,0,3662,3662
3690,"Cold Diminishing Song",ColdResistBuff,0.0,5,8,0.0,0,3660,3660
4101,"Gleam Ray",DirectDamage,2.6,0,0,5.0,13,4101,4101
4102,"Gleam Streak",DirectDamage,2.6,0,0,9.0,13,4102,4102
4103,"Gleam Blast",DirectDamage,2.6,0,0,13.0,13,4103,4103
4104,"Moon Ray",DirectDamage,2.6,0,0,25.0,13,4104,4104
4105,"Moon Streak",DirectDamage,2.6,0,0,37.0,13,4105,4105
4106,"Moon Blast",DirectDamage,2.6,0,0,49.0,13,4106,4106
4107,"Sun Ray",DirectDamage,2.6,0,0,64.0,13,4107,4107
4108,"Sun Streak",DirectDamage,2.6,0,0,88.0,13,4108,4108
4109,"Sun Blast",DirectDamage,2.6,0,0,120.0,13,4109,4109
4110,"Aurora Ray",DirectDamage,2.6,0,0,148.0,13,4110,4110
4111,"Aurora Blast",DirectDamage,2.6,0,0,179.0,13,4111,4111
4121,"Prismatic Flare",Stun,2.5,3,0,0.0,13,4121,4121
4122,"Prismatic Flash",Stun,2.5,5,0,0.0,13,4122,4122
4123,"Prismatic Shimmer",Stun,2.5,6,0,0.0,13,4123,4123
4124,"Prismatic Sheen",Stun,2.5,8,0,0.0,13,4124,4124
4125,"Prismatic Strobe",Stun,2.5,9,0,0.0,13,4125,4125
4151,Shadowburst,DirectDamage,2.8,0,0,5.0,11,4151,4151
4152,Shadowblast,DirectDamage,2.8,0,0,26.0,11,4152,4152
4153,Shadowcharge,DirectDamage,2.8,0,0,41.0,11,4153,4153
4154,Shadowshock,DirectDamage,2.8,0,0,56.0,11,4154,4154
4155,Shadowsmash,DirectDamage,2.8,0,0,77.0,11,4155,4155
4156,Shadowcrash,DirectDamage,2.8,0,0,102.0,11,4156,4156
4157,Shadowforce,DirectDamage,2.8,0,0,133.0,11,4157,4157
4158,Shadowcrush,DirectDamage,2.8,0,0,163.0,11,4158,4158
4159,Shadowdoom,DirectDamage,2.8,0,0,209.0,11,4159,4159
4161,"Negate Coordination",DexterityQuicknessDebuff,0.0,60,5,0.0,11,4161,4161
4162,"Nullify Coordination",DexterityQuicknessDebuff,0.0,60,5,0.0,11,4162,4162
4163,"Obliviate Coordination",DexterityQuicknessDebuff,0.0,60,5,0.0,11,4163,4163
4164,"Destroy Coordination",DexterityQuicknessDebuff,0.0,60,5,0.0,11,4164,4164
4165,"Abrogate Coordination",DexterityQuicknessDebuff,0.0,60,5,0.0,11,4165,4165
4166,"Blank Coordination",DexterityQuicknessDebuff,0.0,60,5,0.0,11,4166,4166
4167,"Obliterate Coordination",DexterityQuicknessDebuff,0.0,60,5,0.0,11,4167,4167
4168,"Extinguish Coordination",DexterityQuicknessDebuff,0.0,60,5,0.0,11,4168,4168
4171,"Paralyzing Wind",Mesmerize,3.0,10,0,0.0,11,4171,4171
4172,"Paralyzing Veil",Mesmerize,3.0,15,0,0.0,11,4172,4172
4173,"Paralyzing Cloak",Mesmerize,3.0,21,0,0.0,11,4173,4173
4174,"Paralyzing Sphere",Mesmerize,3.0,26,0,0.0,11,4174,4174
4175,"Paralyzing Cloud",Mesmerize,3.0,31,0,0.0,11,4175,4175
4181,"Negate Sight",Nearsight,2.0,120,0,0.0,11,4181,4181
4182,"Nullify Sight",Nearsight,2.0,120,0,0.0,11,4182,4182
4183,"Obliviate Sight",Nearsight,2.0,120,0,0.0,11,4183,4183
4184,"Destroy Sight",Nearsight,2.0,120,0,0.0,11,4184,4184
4185,"Abrogate Sight",Nearsight,2.0,120,0,0.0,11,4185,4185
4201,"Twinkling Visions",DirectDamage,2.8,0,0,5.0,13,4201,4201
4202,"Sparkling Visions",DirectDamage,2.8,0,0,26.0,13,4202,4202
4203,"Shimmering Visions",DirectDamage,2.8,0,0,41.0,13,4203,4203
4204,"Glimmering Visions",DirectDamage,2.8,0,0,56.0,13,4204,4204
4205,"Scintillating Visions",DirectDamage,2.8,0,0,77.0,13,4205,4205
4206,"Glittering Visions",DirectDamage,2.8,0,0,102.0,13,4206,4206
4207,"Radiant Visions",DirectDamage,2.8,0,0,133.0,13,4207,4207
4208,"Bedazzling Visions",DirectDamage,2.8,0,0,163.0,13,4208,4208
4209,"Coruscating Visions",DirectDamage,2.8,0,0,209.0,13,4209,4209
4211,"Illusory Enemy",Charm,3.0,10,0,152.0,13,4211,4211
4212,"Fabricated Enemy",Charm,3.0,10,0,152.0,13,4212,4212
4213,"Imaginary Enemy",Charm,3.0,10,0,152.0,13,4213,4213
4214,"Phantom Enemy",Charm,3.0,10,0,152.0,13,4214,4214
4215,"Ghostly Enemy",Charm,3.0,10,0,152.0,13,4215,4215
4216,"Dream Enemy",Charm,3.0,10,0,152.0,13,4216,4216
4221,"Deluge of Illusion",DirectDamage,3.0,0,0,12.0,13,4221,4221
4222,"Flood of Illusion",DirectDamage,3.0,0,0,28.0,13,4222,4222
4223,"Sea of Illusion",DirectDamage,3.0,0,0,48.0,13,4223,4223
4224,"Rush of Illusion",DirectDamage,3.0,0,0,72.0,13,4224,4224
4225,"Flux of Illusion",DirectDamage,3.0,0,0,95.0,13,4225,4225
4226,"Inundation of Illusion",DirectDamage,3.0,0,0,123.0,13,4226,4226
4227,"Cataclysm of Illusion",DirectDamage,3.0,0,0,158.0,13,4227,4227
4251,"Distracting Scintillation",CombatSpeedDebuff,0.0,120,5,0.0,13,4251,4251
4252,"Soporific Scintillation",CombatSpeedDebuff,0.0,120,5,0.0,13,4252,4252
4253,"Blinding Scintillation",CombatSpeedDebuff,0.0,120,5,0.0,13,4253,4253
4254,"Disturbing Scintillation",CombatSpeedDebuff,0.0,120,5,0.0,13,4254,4254
4255,"Perturbing Scintillation",CombatSpeedDebuff,0.0,120,5,0.0,13,4255,4255
4256,"Agitating Scintillation",CombatSpeedDebuff,0.0,120,5,0.0,13,4256,4256
4261,"Misleading Rapture",DirectDamage,2.8,0,0,5.0,13,4261,4261
4262,"Delusional Rapture",DirectDamage,2.8,0,0,26.0,13,4262,4262
4263,"Mystifying Rapture",DirectDamage,2.8,0,0,41.0,13,4263,4263
4264,"Duplicitous Rapture",DirectDamage,2.8,0,0,56.0,13,4264,4264
4265,"Illusory Rapture",DirectDamage,2.8,0,0,77.0,13,4265,4265
4266,"Deceiving Rapture",DirectDamage,2.8,0,0,102.0,13,4266,4266
4267,"Beguiling Rapture",DirectDamage,2.8,0,0,133.0,13,4267,4267
4268,"Phantom Rapture",DirectDamage,2.8,0,0,163.0,13,4268,4268
4269,"Insidious Rapture",DirectDamage,2.8,0,0,209.0,13,4269,4269
4271,"Field of Scintillation",CombatSpeedDebuff,0.0,120,5,0.0,13,4271,4271
4272,"Array of Scintillation",CombatSpeedDebuff,0.0,120,5,0.0,13,4272,4272
4273,"Sea of Scintillation",CombatSpeedDebuff,0.0,120,5,0.0,13,4273,4273
4274,"Sky of Scintillation",CombatSpeedDebuff,0.0,120,5,0.0,13,4274,4274
4275,"Galaxy of Scintillation",CombatSpeedDebuff,0.0,120,5,0.0,13,4275,4275
4280,"Dazzling Flash",MeleeDamageDebuff,0.0,30,5,0.0,13,4280,4280
4281,"Dazzling Torch",MeleeDamageDebuff,0.0,30,5,0.0,13,4281,4281
4282,"Dazzling Flare",MeleeDamageDebuff,0.0,30,5,0.0,13,4282,4282
4283,"Dazzling Strobe",MeleeDamageDebuff,0.0,30,5,0.0,13,4283,4283
4301,"Lesser Powerward",BaseArmorFactorBuff,3.0,1200,0,0.0,0,4301,4301
4302,Powerward,BaseArmorFactorBuff,3.0,1200,0,0.0,0,4302,4302
4303,"Lesser Powerbarrier",BaseArmorFactorBuff,3.0,1200,0,0.0,0,4303,4303
4304,Powerbarrier,BaseArmorFactorBuff,3.0,1200,0,0.0,0,4304,4304
4305,"Lesser Powerfield",BaseArmorFactorBuff,3.0,1200,0,0.0,0,4305,4305
4306,Powerfield,BaseArmorFactorBuff,3.0,1200,0,0.0,0,4306,4306
4307,Powershield,BaseArmorFactorBuff,3.0,1200,0,0.0,0,4307,4307
4308,"Greater Powershield",BaseArmorFactorBuff,3.0,1200,0,0.0,0,4308,4308
4309,"Greater Powerguard",BaseArmorFactorBuff,3.0,1200,0,0.0,0,4309,4309
4310,"Supreme Powerguard",BaseArmorFactorBuff,3.0,1200,0,0.0,0,4310,4310
4311,"Aura of Turning",DamageShield,4.0,1200,0,0.8,12,4311,4311
4312,"Greater Aura of Turning",DamageShield,4.0,1200,0,1.0,12,4312,4312
4313,"Aura of Redirection",DamageShield,4.0,1200,0,1.3,12,4313,4313
4314,"Greater Aura of Redirection",DamageShield,4.0,1200,0,1.9,12,4314,4314
4315,"Aura of Reflection",DamageShield,4.0,1200,0,2.6,12,4315,4315
4316,"Greater Aura of Reflection",DamageShield,4.0,1200,0,3.6,12,4316,4316
4317,"Aura of Global Feedback",DamageShield,4.0,1200,0,4.6,12,4317,4317
4321,"Barrier of Negation",Bladeturn,4.0,1200,0,0.0,0,4321,4321
4322,"Ward of Power",ArmorAbsorptionBuff,3.0,1200,0,0.0,0,4322,4322
4323,"Barrier of Power",ArmorAbsorptionBuff,3.0,1200,0,0.0,0,4323,4323
4351,"Lesser Ensnaring Blast",DamageSpeedDecrease,3.0,30,0,5.0,12,4351,4351
4352,"Ensnaring Blast",DamageSpeedDecrease,3.0,30,0,21.0,12,4352,4352
4353,"Greater Ensnaring Blast",DamageSpeedDecrease,3.0,30,0,37.0,12,4353,4353
4354,"Entangling Blast",DamageSpeedDecrease,3.0,30,0,49.0,12,4354,4354
4355,"Greater Entangling Blast",DamageSpeedDecrease,3.0,30,0,64.0,12,4355,4355
4356,"Webbing Blast",DamageSpeedDecrease,3.0,30,0,85.0,12,4356,4356
4357,"Greater Webbing Blast",DamageSpeedDecrease,3.0,30,0,120.0,12,4357,4357
4358,"Demobilizing Blast",DamageSpeedDecrease,3.0,30,0,148.0,12,4358,4358
4359,"Greater Demobilizing Blast",DamageSpeedDecrease,3.0,30,0,179.0,12,4359,4359
4361,"Lesser Mana Ripple",DirectDamage,2.5,0,0,15.0,12,4361,4361
4362,"Mana Ripple",DirectDamage,2.5,0,0,52.0,12,4362,4362
4363,"Mana Eddy",DirectDamage,2.5,0,0,74.0,12,4363,4363
4364,"Mana Splash",DirectDamage,2.5,0,0,104.0,12,4364,4364
4365,"Mana Burst",DirectDamage,2.5,0,0,133.0,12,4365,4365
4366,"Mana Flux",DirectDamage,2.5,0,0,176.0,12,4366,4366
4367,"Mana Billow",DirectDamage,2.5,0,0,214.0,12,4367,4367
4368,"Mana Surge",DirectDamage,2.5,0,0,265.0,12,4368,4368
4369,"Mana Flood",DirectDamage,2.5,0,0,325.0,12,4369,4369
4371,"Entropic Affliction",Disease,3.0,60,0,0.0,12,4371,4371
4372,"Entropic Sickness",Disease,3.0,90,0,0.0,12,4372,4372
4373,"Entropic Illness",Disease,3.0,120,0,0.0,12,4373,4373
4374,"Entropic Disease",Disease,3.0,150,0,0.0,12,4374,4374
4375,"Entropic Pestilence",Disease,3.0,180,0,0.0,12,4375,4375
4381,"Lesser Strength Dispersal",StrengthConstitutionDebuff,0.0,60,5,0.0,12,4381,4381
4382,"Disperse Strength",StrengthConstitutionDebuff,0.0,60,5,0.0,12,4382,4382
4383,"Lesser Vigor Dispersal",StrengthConstitutionDebuff,0.0,60,5,0.0,12,4383,4383
4384,"Disperse Vigor",StrengthConstitutionDebuff,0.0,60,5,0.0,12,4384,4384
4385,"Lesser Health Dispersal",StrengthConstitutionDebuff,0.0,60,5,0.0,12,4385,4385
4386,"Disperse Health",StrengthConstitutionDebuff,0.0,60,5,0.0,12,4386,4386
4387,"Greater Vitality Dispersal",StrengthConstitutionDebuff,0.0,60,5,0.0,12,4387,4387
4391,"Lesser Kinetic Dispersal",DamageSpeedDecrease,3.0,30,0,28.0,12,4391,4391
4392,"Kinetic Dispersal",DamageSpeedDecrease,3.0,30,0,40.0,12,4392,4392
4393,"Lesser Kinetic Dampening",DamageSpeedDecrease,3.0,30,0,56.0,12,4393,4393
4394,"Kinetic Dampening",DamageSpeedDecrease,3.0,30,0,72.0,12,4394,4394
4395,"Lesser Kinetic Siphon",DamageSpeedDecrease,3.0,30,0,96.0,12,4395,4395
4396,"Kinetic Siphon",DamageSpeedDecrease,3.0,30,0,124.0,12,4396,4396
4411,"Curative Trance",HealOverTime,3.0,10,0,0.0,0,4411,4411
4412,"Restorative Trance",HealOverTime,3.0,10,0,0.0,0,4412,4412
4413,"Healing Trance",HealOverTime,3.0,10,0,0.0,0,4413,4413
4414,"Sanative Trance",HealOverTime,3.0,12,0,0.0,0,4414,4414
4421,"Minor Mind Fade",DamageOverTime,3.0,24,0,2.0,12,4421,4421
4422,"Lesser Mind Fade",DamageOverTime,3.0,24,0,9.0,12,4422,4422
4423,"Mind Fade",DamageOverTime,3.0,24,0,15.0,12,4423,4423
4424,"Lesser Mind Dissolution",DamageOverTime,3.0,24,0,19.0,12,4424,4424
4425,"Mind Dissolution",DamageOverTime,3.0,24,0,27.0,12,4425,4425
4426,"Greater Mind Dissolution",DamageOverTime,3.0,24,0,35.0,12,4426,4426
4427,"Lesser Mind Melt",DamageOverTime,3.0,24,0,45.0,12,4427,4427
4428,"Mind Melt",DamageOverTime,3.0,24,0,53.0,12,4428,4428
4429,"Greater Mind Melt",DamageOverTime,3.0,24,0,63.0,12,4429,4429
4430,"Mind Annihilation",DamageOverTime,3.0,24,0,73.0,12,4430,4430
4431,"Complete Mind Annihilation",DamageOverTime,3.0,24,0,87.0,12,4431,4431
4435,"Empowering Unity",PowerRegenBuff,3.0,1200,0,0.0,0,4435,4435
4436,"Empowering Harmony",PowerRegenBuff,3.0,1200,0,0.0,0,4436,4436
4437,"Empowering Tranquility",PowerRegenBuff,3.0,1200,0,0.0,0,4437,4437
4438,"Empowering Concordance",PowerRegenBuff,3.0,1200,0,0.0,0,4438,4438
4439,"Empowering Perfection",PowerRegenBuff,3.0,1200,0,0.0,0,4439,4439
4441,"Shroud of Madness",DamageOverTime,3.0,24,0,31.0,12,4441,4441
4442,"Fog of Delirium",DamageOverTime,3.0,24,0,41.0,12,4442,4442
4443,"Hallucinatory Winds",DamageOverTime,3.0,24,0,53.0,12,4443,4443
4444,"Torrent of Dementia",DamageOverTime,3.0,24,0,65.0,12,4444,4444
4445,"Storm of Insanity",DamageOverTime,3.0,24,0,83.0,12,4445,4445
4451,"Aura of Echoing",DamageShield,2.5,5,0,0.7,12,4451,4451
4452,"Greater Aura of Echoing",DamageShield,2.5,5,0,4.5,12,4452,4452
4453,"Aura of Reflection",DamageShield,2.5,5,0,6.8,12,4453,4453
4454,"Greater Aura of Reflection",DamageShield,2.5,5,0,9.8,12,4454,4454
4455,"Aura of Resonation",DamageShield,2.5,5,0,15.1,12,4455,4455
4456,"Greater Aura of Resonation",DamageShield,2.5,5,0,20.3,12,4456,4456
4457,"Aura of Reverberation",DamageShield,2.5,5,0,27.1,12,4457,4457
4458,"Greater Aura of Reverberation",DamageShield,2.5,5,0,33.9,12,4458,4458
4461,"Minor Disenchanting Emanation",DirectDamage,2.5,0,0,52.0,12,4461,4461
4462,"Disenchanting Emanation",DirectDamage,2.5,0,0,74.0,12,4462,4462
4463,"Lesser Disenchanting Emission",DirectDamage,2.5,0,0,111.0,12,4463,4463
4464,"Disenchanting Emission",DirectDamage,2.5,0,0,133.0,12,4464,4464
4465,"Lesser Disenchanting Burst",DirectDamage,2.5,0,0,176.0,12,4465,4465
4466,"Disenchanting Burst",DirectDamage,2.5,0,0,214.0,12,4466,4466
4467,"Lesser Disenchanting Eruption",DirectDamage,2.5,0,0,265.0,12,4467,4467
4468,"Disenchanting Eruption",DirectDamage,2.5,0,0,325.0,12,4468,4468
4471,"Lesser Effervescence",SpeedEnhancement,3.0,6,0,0.0,0,4471,4471
4472,Effervescence,SpeedEnhancement,3.0,6,0,0.0,0,4472,4472
4473,"Greater Effervescence",SpeedEnhancement,3.0,6,0,0.0,0,4473,4473
4474,"Superior Effervescence",SpeedEnhancement,3.0,6,0,0.0,0,4474,4474
4475,"Maximum Effervescence",SpeedEnhancement,3.0,6,0,0.0,0,4475,4475
4481,"Amplify Heat",HeatResistDebuff,2.0,8,0,0.0,13,4481,4481
4482,"Endow Heat",HeatResistDebuff,2.0,8,0,0.0,13,4482,4482
4483,"Empower Heat",HeatResistDebuff,2.0,8,0,0.0,13,4483,4483
4484,"Amplify Cold",ColdResistDebuff,2.0,15,0,0.0,11,4484,4484
4485,"Endow Cold",ColdResistDebuff,2.0,15,0,0.0,11,4485,4485
4486,"Empower Cold",ColdResistDebuff,2.0,15,0,0.0,11,4486,4486
4487,"Amplify Matter",MatterResistDebuff,2.0,15,0,0.0,14,4487,4487
4488,"Endow Matter",MatterResistDebuff,2.0,15,0,0.0,14,4488,4488
4489,"Empower Matter",MatterResistDebuff,2.0,15,0,0.0,14,4489,4489
4501,"Ethereal Concussion",DirectDamage,2.6,0,0,13.0,11,4501,4501
4502,"Major Ethereal Concussion",DirectDamage,2.6,0,0,21.0,11,4502,4502
4503,"Ethereal Blast",DirectDamage,2.6,0,0,29.0,11,4503,4503
4504,"Major Ethereal Blast",DirectDamage,2.6,0,0,37.0,11,4504,4504
4505,"Ethereal Detonation",DirectDamage,2.6,0,0,49.0,11,4505,4505
4506,"Major Ethereal Detonation",DirectDamage,2.6,0,0,64.0,11,4506,4506
4507,"Ethereal Explosion",DirectDamage,2.6,0,0,85.0,11,4507,4507
4508,"Major Ethereal Explosion",DirectDamage,2.6,0,0,108.0,11,4508,4508
4509,"Ethereal Devastation",DirectDamage,2.6,0,0,136.0,11,4509,4509
4510,"Major Ethereal Devastation",DirectDamage,2.6,0,0,171.0,11,4510,4510
4511,"Void Slit",Bolt,2.5,0,20,13.0,11,4511,4511
4512,"Void Gap",Bolt,2.5,0,20,24.0,11,4512,4512
4513,"Void Break",Bolt,2.5,0,20,36.0,11,4513,4513
4514,"Void Cleave",Bolt,2.5,0,20,53.0,11,4514,4514
4515,"Void Rent",Bolt,2.5,0,20,75.0,11,4515,4515
4516,"Void Rift",Bolt,2.5,0,20,98.0,11,4516,4516
4517,"Void Fissure",Bolt,2.5,0,20,115.0,11,4517,4517
4518,"Void Gulf",Bolt,2.5,0,20,149.0,11,4518,4518
4519,"Void Chasm",Bolt,2.5,0,20,188.0,11,4519,4519
4520,"Void Abyss",Bolt,2.5,0,20,239.0,11,4520,4520
4521,"Void Snare",DexterityDebuff,0.0,60,5,0.0,11,4521,4521
4522,"Void Net",DexterityDebuff,0.0,60,5,0.0,11,4522,4522
4523,"Void Web",DexterityDebuff,0.0,60,5,0.0,11,4523,4523
4524,"Void Clamp",DexterityDebuff,0.0,60,5,0.0,11,4524,4524
4525,"Void Lock",DexterityDebuff,0.0,60,5,0.0,11,4525,4525
4526,"Void Chains",DexterityDebuff,0.0,60,5,0.0,11,4526,4526
4531,"Cancel Strength",StrengthDebuff,0.0,60,5,0.0,11,4531,4531
4532,"Negate Strength",StrengthDebuff,0.0,60,5,0.0,11,4532,4532
4533,"Unmake Strength",StrengthDebuff,0.0,60,5,0.0,11,4533,4533
4534,"Abrogate Strength",StrengthDebuff,0.0,60,5,0.0,11,4534,4534
4535,"Void Strength",StrengthDebuff,0.0,60,5,0.0,11,4535,4535
4536,"Vitiate Strength",StrengthDebuff,0.0,60,5,0.0,11,4536,4536
4537,"Null Strength",StrengthDebuff,0.0,60,5,0.0,11,4537,4537
4551,"Nil Bolt",Bolt,2.5,0,20,7.0,11,4551,4551
4552,"Void Bolt",Bolt,2.5,0,20,29.0,11,4552,4552
4553,"Negative Bolt",Bolt,2.5,0,20,52.0,11,4553,4553
4554,"Abrogation Bolt",Bolt,2.5,0,20,81.0,11,4554,4554
4555,"Null Bolt",Bolt,2.5,0,20,118.0,11,4555,4555
4556,"Oblivion Bolt",Bolt,2.5,0,20,162.0,11,4556,4556
4557,"Annihilation Bolt",Bolt,2.5,0,20,206.0,11,4557,4557
4558,"Obliteration Bolt",Bolt,2.5,0,20,258.0,11,4558,4558
4559,"Bolt of Uncreation",Bolt,2.5,0,20,309.0,11,4559,4559
4561,"Lesser Null Squall",DirectDamage,3.0,0,0,12.0,11,4561,4561
4562,"Null Squall",DirectDamage,3.0,0,0,20.0,11,4562,4562
4563,"Lesser Null Storm",DirectDamage,3.0,0,0,32.0,11,4563,4563
4564,"Null Storm",DirectDamage,3.0,0,0,48.0,11,4564,4564
4565,"Lesser Null Ebullition",DirectDamage,3.0,0,0,67.0,11,4565,4565
4566,"Null Ebullition",DirectDamage,3.0,0,0,91.0,11,4566,4566
4567,"Lesser Null Tempest",DirectDamage,3.0,0,0,115.0,11,4567,4567
4568,"Null Tempest",DirectDamage,3.0,0,0,158.0,11,4568,4568
4571,"Nullify Hardiness",BodyResistDebuff,2.0,15,0,0.0,10,4571,4571
4572,"Negate Hardiness",BodyResistDebuff,2.0,15,0,0.0,10,4572,4572
4573,"Void Hardiness",BodyResistDebuff,2.0,15,0,0.0,10,4573,4573
4574,"Nullify Spirit",SpiritResistDebuff,2.0,15,0,0.0,15,4574,4574
4575,"Negate Spirit",SpiritResistDebuff,2.0,15,0,0.0,15,4575,4575
4576,"Void Spirit",SpiritResistDebuff,2.0,15,0,0.0,15,4576,4576
4577,"Nullify Dissipation",EnergyResistDebuff,2.0,15,0,0.0,12,4577,4577
4578,"Negate Dissipation",EnergyResistDebuff,2.0,15,0,0.0,12,4578,4578
4579,"Void Dissipation",EnergyResistDebuff,2.0,15,0,0.0,12,4579,4579
4591,"Sphere of Negation",DirectDamage,3.0,1,6,61.0,12,4591,4591
4592,"Sphere of Oblivion",DirectDamage,3.0,1,6,85.0,12,4592,4592
4593,"Sphere of Annihilation",DirectDamage,3.0,1,6,124.0,12,4593,4593
4594,"Sphere of Unmaking",DirectDamage,3.0,1,6,155.7,12,4594,4594
4601,"Somatic Reconstitution",Heal,2.8,0,0,0.0,0,4601,4601
4602,"Somatic Renewal",Heal,2.8,0,0,0.0,0,4602,4602
4603,"Somatic Reparation",Heal,2.8,0,0,0.0,0,4603,4603
4604,"Somatic Revigoration",Heal,2.8,0,0,0.0,0,4604,4604
4605,"Somatic Relief",Heal,2.8,0,0,0.0,0,4605,4605
4606,"Somatic Rejuvenation",Heal,2.8,0,0,0.0,0,4606,4606
4607,"Somatic Regeneration",Heal,2.8,0,0,0.0,0,4607,4607
4608,"Somatic Rehabilitation",Heal,2.8,0,0,0.0,0,4608,4608
4609,"Somatic Revival",Heal,2.8,0,0,0.0,0,4609,4609
4610,"Somatic Resuscitation",Heal,2.8,0,0,0.0,0,4610,4610
4611,"Illusory Ache",DamageOverTime,3.0,20,0,2.0,12,4611,4611
4612,"Illusory Pains",DamageOverTime,3.0,20,0,9.0,12,4612,4612
4613,"Illusory Cramps",DamageOverTime,3.0,20,0,15.0,12,4613,4613
4614,"Illusory Anguish",DamageOverTime,3.0,20,0,19.0,12,4614,4614
4615,"Illusory Spasms",DamageOverTime,3.0,20,0,27.0,12,4615,4615
4616,"Illusory Convulsions",DamageOverTime,3.0,20,0,35.0,12,4616,4616
4617,"Illusory Agony",DamageOverTime,3.0,20,0,45.0,12,4617,4617
4618,"Illusory Lacerations",DamageOverTime,3.0,20,0,53.0,12,4618,4618
4619,"Illusory Torture",DamageOverTime,3.0,20,0,63.0,12,4619,4619
4620,"Illusory Excrutiation",DamageOverTime,3.0,20,0,73.0,12,4620,4620
4621,"Illusory Neuralgia",DamageOverTime,3.0,20,0,87.0,12,4621,4621
4651,"Major Somatic Renewal",Heal,3.2,0,0,0.0,0,4651,4651
4652,"Major Somatic Reparation",Heal,3.2,0,0,0.0,0,4652,4652
4653,"Major Somatic Revigoration",Heal,3.2,0,0,0.0,0,4653,4653
4654,"Major Somatic Relief",Heal,3.2,0,0,0.0,0,4654,4654
4655,"Major Somatic Rejuvenation",Heal,3.2,0,0,0.0,0,4655,4655
4656,"Major Somatic Regeneration",Heal,3.2,0,0,0.0,0,4656,4656
4657,"Major Somatic Rehabilitation",Heal,3.2,0,0,0.0,0,4657,4657
4658,"Major Somatic Revival",Heal,3.2,0,0,0.0,0,4658,4658
4659,"Major Somatic Resuscitation",Heal,3.2,0,0,0.0,0,4659,4659
4661,Delusion,Confusion,3.0,16,0,0.0,12,4661,4661
4662,Delirium,Confusion,3.0,26,0,0.0,12,4662,4662
4663,Dementation,Confusion,3.0,34,0,0.0,12,4663,4663
4664,Paranoia,Confusion,3.0,44,0,0.0,12,4664,4664
4665,Eccentricity,Confusion,3.0,58,0,0.0,12,4665,4665
4666,Madness,Confusion,3.0,74,0,0.0,12,4666,4666
4667,Derangment,Confusion,3.0,90,0,0.0,12,4667,4667
4668,Insanity,Confusion,3.0,108,0,0.0,12,4668,4668
4671,"Enfeeble Mind",Mesmerize,3.0,16,0,0.0,12,4671,4671
4672,"Cripple Mind",Mesmerize,3.0,21,0,0.0,12,4672,4672
4673,"Incapacitate Mind",Mesmerize,3.0,28,0,0.0,12,4673,4673
4674,"Disable Mind",Mesmerize,3.0,34,0,0.0,12,4674,4674
4675,"Paralyze Mind",Mesmerize,3.0,44,0,0.0,12,4675,4675
4676,"Lock Mind",Mesmerize,3.0,55,0,0.0,12,4676,4676
4677,"Petrify Mind",Mesmerize,3.0,68,0,0.0,12,4677,4677
4678,"Unmake Mind",Mesmerize,3.0,80,0,0.0,12,4678,4678
4679,"Mental Purification",CureMezz,3.0,0,0,0.0,0,4679,4679
4701,"Underhill Friend",SummonUnderhill,6.0,65535,0,-88.0,0,4701,4701
4702,"Underhill Companion",SummonUnderhill,6.0,65535,0,-88.0,0,4702,4702
4703,"Underhill Ally",SummonUnderhill,6.0,65535,0,-88.0,0,4703,4703
4704,"Underhill Compatriot",SummonUnderhill,6.0,65535,0,-88.0,0,4704,4704
4705,"Underhill Zealot",SummonUnderhill,6.0,65535,0,-88.0,0,4705,4705
4711,"Assist Ally",Heal,3.0,0,0,0.0,0,4711,4711
4712,"Support Ally",Heal,3.0,0,0,0.0,0,4712,4712
4713,"Help Ally",Heal,3.0,0,0,0.0,0,4713,4713
4714,"Invest Ally",Heal,3.0,0,0,0.0,0,4714,4714
4715,"Reinforce Ally",Heal,3.0,0,0,0.0,0,4715,4715
4716,"Infuse Ally",Heal,3.0,0,0,0.0,0,4716,4716
4717,"Imbue Ally",Heal,3.0,0,0,0.0,0,4717,4717
4718,"Succor Ally",Heal,3.0,0,0,0.0,0,4718,4718
4751,"Twinkling Arms",DamageAdd,3.0,1200,0,1.6,10,4751,4751
4752,"Glossed Arms",DamageAdd,3.0,1200,0,2.5,10,4752,4752
4753,"Shining Arms",DamageAdd,3.0,1200,0,3.1,10,4753,4753
4754,"Shimmering Arms",DamageAdd,3.0,1200,0,3.9,10,4754,4754
4755,"Glowing Arms",DamageAdd,3.0,1200,0,5.0,10,4755,4755
4756,"Glittering Arms",DamageAdd,3.0,1200,0,6.3,10,4756,4756
4757,"Brilliant Arms",DamageAdd,3.0,1200,0,7.9,10,4757,4757
4758,"Splendorous Arms",DamageAdd,3.0,1200,0,10.0,10,4758,4758
4761,"Strength of the Underhill",StrengthConstitutionBuff,3.0,1200,0,0.0,0,4761,4761
4762,"Vigor of the Underhill",StrengthConstitutionBuff,3.0,1200,0,0.0,0,4762,4762
4763,"Zest of the Underhill",StrengthConstitutionBuff,3.0,1200,0,0.0,0,4763,4763
4764,"Power of the Underhill",StrengthConstitutionBuff,3.0,1200,0,0.0,0,4764,4764
4765,"Vim of the Underhill",StrengthConstitutionBuff,3.0,1200,0,0.0,0,4765,4765
4766,"Force of the Underhill",StrengthConstitutionBuff,3.0,1200,0,0.0,0,4766,4766
4767,"Fury of the Underhill",StrengthConstitutionBuff,3.0,1200,0,0.0,0,4767,4767
4771,Craftiness,DexterityQuicknessBuff,3.0,1200,0,0.0,0,4771,4771
4772,Subtlety,DexterityQuicknessBuff,3.0,1200,0,0.0,0,4772,4772
4773,Cunning,DexterityQuicknessBuff,3.0,1200,0,0.0,0,4773,4773
4774,Slyness,DexterityQuicknessBuff,3.0,1200,0,0.0,0,4774,4774
4775,Trickiness,DexterityQuicknessBuff,3.0,1200,0,0.0,0,4775,4775
4776,Wiliness,DexterityQuicknessBuff,3.0,1200,0,0.0,0,4776,4776
4777,Guile,DexterityQuicknessBuff,3.0,1200,0,0.0,0,4777,4777
4778,Subdolosity,DexterityQuicknessBuff,3.0,1200,0,0.0,0,4778,4778
4780,"Beguiling Will",PiercingMagic,3.0,1200,0,0.0,12,4780,4780
4781,"Insidious Will",PiercingMagic,3.0,1200,0,0.0,12,4781,4781
4785,"Enchanted Armor",DefensiveProc,3.0,1200,0,0.0,10,4785,4801
4786,"Shimmering Armor",DefensiveProc,3.0,1200,0,0.0,10,4786,4801
4787,"Splendorous Armor",DefensiveProc,3.0,1200,0,0.0,10,4787,4801
4801,"Minor Revigoration",Heal,2.2,0,0,0.0,0,4801,4801
4802,"Minor Renewal",Heal,2.2,0,0,0.0,0,4802,4802
4803,"Minor Revivification",Heal,2.2,0,0,0.0,0,4803,4803
4804,"Minor Resurgance",Heal,2.2,0,0,0.0,0,4804,4804
4805,"Minor Revival",Heal,2.2,0,0,0.0,0,4805,4805
4806,"Minor Regeneration",Heal,2.2,0,0,0.0,0,4806,4806
4807,"Minor Regrowth",Heal,2.2,0,0,0.0,0,4807,4807
4808,"Minor Restoration",Heal,2.2,0,0,0.0,0,4808,4808
4809,"Minor Resuscitation",Heal,2.2,0,0,0.0,0,4809,4809
4810,"Minor Renascence",Heal,2.2,0,0,0.0,0,4810,4810
4811,"Minor Apotheosis",Heal,2.2,0,0,0.0,0,4811,4811
4821,Renewal,Heal,2.8,0,0,0.0,0,4821,4821
4822,Revivification,Heal,2.8,0,0,0.0,0,4822,4822
4823,Resurgence,Heal,2.8,0,0,0.0,0,4823,4823
4824,Revival,Heal,2.8,0,0,0.0,0,4824,4824
4825,Regeneration,Heal,2.8,0,0,0.0,0,4825,4825
4826,Regrowth,Heal,2.8,0,0,0.0,0,4826,4826
4827,Restoration,Heal,2.8,0,0,0.0,0,4827,4827
4828,Resuscitation,Heal,2.8,0,0,0.0,0,4828,4828
4829,Renascence,Heal,2.8,0,0,0.0,0,4829,4829
4830,Apotheosis,Heal,2.8,0,0,0.0,0,4830,4830
4831,"Minor Reconstitution",Resurrect,4.0,0,0,0.0,0,4831,4831
4841,"Group Revigoration",Heal,3.0,0,0,0.0,0,4841,4841
4842,"Group Regrowth",Heal,3.0,0,0,0.0,0,4842,4842
4843,"Group Renascence",Heal,3.0,0,0,0.0,0,4843,4843
4844,"Group Apotheosis",Heal,3.0,0,0,0.0,0,4844,4844
4851,"Major Resurgance",Heal,3.2,0,0,0.0,0,4851,4851
4852,"Major Revival",Heal,3.2,0,0,0.0,0,4852,4852
4853,"Major Regeneration",Heal,3.2,0,0,0.0,0,4853,4853
4854,"Major Regrowth",Heal,3.2,0,0,0.0,0,4854,4854
4855,"Major Restoration",Heal,3.2,0,0,0.0,0,4855,4855
4856,"Major Resuscitation",Heal,3.2,0,0,0.0,0,4856,4856
4857,"Major Renascence",Heal,3.2,0,0,0.0,0,4857,4857
4858,"Major Apotheosis",Heal,3.2,0,0,0.0,0,4858,4858
4861,"Greater Revival",Heal,3.6,0,0,0.0,0,4861,4861
4862,"Greater Regeneration",Heal,3.5,0,0,0.0,0,4862,4862
4863,"Greater Regrowth",Heal,3.4,0,0,0.0,0,4863,4863
4864,"Greater Restoration",Heal,3.3,0,0,0.0,0,4864,4864
4865,"Greater Resuscitation",Heal,3.1,0,0,0.0,0,4865,4865
4866,"Greater Renascence",Heal,3.0,0,0,0.0,0,4866,4866
4867,"Greater Apotheosis",Heal,2.8,0,0,0.0,0,4867,4867
4869,"Cure Disease",CureDisease,3.2,0,0,0.0,0,4869,4869
4871,"Lesser Reconstitution",Resurrect,4.0,0,0,0.0,0,4871,4871
4872,Reconstitution,Resurrect,4.0,0,0,0.0,0,4872,4872
4873,"Greater Reconstitution",Resurrect,4.0,0,0,0.0,0,4873,4873
4881,"Nature's Appreciation",Heal,0.0,0,900,0.0,0,4881,4881
4882,"Nature's Blessing",Heal,0.0,0,900,0.0,0,4882,4882
4883,"Nature's Esteem",Heal,0.0,0,900,0.0,0,4883,4883
4884,"Nature's Sanction",Heal,0.0,0,900,0.0,0,4884,4884
4885,"Bith's Benison",Heal,0.0,0,1200,0.0,0,4885,4885
4886,"Bith's Acclaimation",Heal,0.0,0,1200,0.0,0,4886,4886
4887,"Bith's Benediction",Heal,0.0,0,1200,0.0,0,4887,4887
4888,"Healing Conflux",Heal,3.8,0,0,0.0,0,4888,4888
4889,"Renewing Conflux",Heal,3.6,0,0,0.0,0,4889,4889
4890,"Restoring Conflux",Heal,3.3,0,0,0.0,0,4890,4890
4891,"Reviving Conflux",Heal,3.1,0,0,0.0,0,4891,4891
4892,"Regenerating Spirits",SpreadHeal,3.5,0,0,0.0,0,4892,4892
4893,"Resuscitating Spirits",SpreadHeal,3.5,0,0,0.0,0,4893,4893
4894,"Reviving Spirits",SpreadHeal,3.5,0,0,0.0,0,4894,4894
4911,"Solar Conversion",HealthRegenBuff,3.0,1200,0,0.0,0,4911,4911
4912,"Solar Absorption",HealthRegenBuff,3.0,1200,0,0.0,0,4912,4912
4913,"Solar Regeneration",HealthRegenBuff,3.0,1200,0,0.0,0,4913,4913
4914,"Solar Regrowth",HealthRegenBuff,3.0,1200,0,0.0,0,4914,4914
4915,"Solar Resuscitation",HealthRegenBuff,3.0,1200,0,0.0,0,4915,4915
4931,"Attack Unending",EnduranceRegenBuff,0.0,5,8,0.0,0,4931,4931
4932,"Attack Unfading",FatigueConsumptionBuff,3.0,1200,0,0.0,0,4932,4932
4933,"Attack Perpetual",FatigueConsumptionBuff,3.0,1200,0,0.0,0,4933,4933
4934,"Attack Unceasing",FatigueConsumptionBuff,3.0,1200,0,0.0,0,4934,4934
4935,"Attack Uninterrupted",FatigueConsumptionBuff,3.0,1200,0,0.0,0,4935,4935
4961,"Tones of Health",Heal,3.7,0,0,0.0,0,4961,4961
4962,"Notes of Health",Heal,3.5,0,0,0.0,0,4962,4962
4963,"Tunes of Health",Heal,3.3,0,0,0.0,0,4963,4963
4964,"Chimes of Health",Heal,3.1,0,0,0.0,0,4964,4964
4971,"Chant of Healing",HealthRegenBuff,3.0,6,0,0.0,0,4971,4971
4972,"Song of Healing",HealthRegenBuff,3.0,6,0,0.0,0,4972,4972
4973,"Psalm of Healing",HealthRegenBuff,3.0,6,0,0.0,0,4973,4973
4974,"Hymn of Healing",HealthRegenBuff,3.0,6,0,0.0,0,4974,4974
4975,"Euphony of Healing",HealthRegenBuff,3.0,6,0,0.0,0,4975,4975
4981,"Lesser Reconstitution",Resurrect,4.0,0,0,0.0,0,4981,4981
4983,"Cure Poison",CurePoison,3.2,0,0,0.0,0,4983,4983
5001,"Strength of the Oak",StrengthBuff,3.0,0,0,0.0,0,5001,5001
5002,"Strength of the Redwood",StrengthBuff,3.0,0,0,0.0,0,5002,5002
5003,"Vigor of the Oak",StrengthBuff,3.0,0,0,0.0,0,5003,5003
5004,"Vigor of the Redwood",StrengthBuff,3.0,0,0,0.0,0,5004,5004
5005,"Force of the Oak",StrengthBuff,3.0,0,0,0.0,0,5005,5005
5006,"Force of the Redwood",StrengthBuff,3.0,0,0,0.0,0,5006,5006
5007,"Might of the Redwood",StrengthBuff,3.0,0,0,0.0,0,5007,5007
5011,"Minor Bark Skin",BaseArmorFactorBuff,3.0,0,0,0.0,0,5011,5011
5012,"Lesser Bark Skin",BaseArmorFactorBuff,3.0,0,0,0.0,0,5012,5012
5013,"Bark Skin",BaseArmorFactorBuff,3.0,0,0,0.0,0,5013,5013
5014,"Major Bark Skin",BaseArmorFactorBuff,3.0,0,0,0.0,0,5014,5014
5015,"Greater Bark Skin",BaseArmorFactorBuff,3.0,0,0,0.0,0,5015,5015
5016,"Superior Bark Skin",BaseArmorFactorBuff,3.0,0,0,0.0,0,5016,5016
5017,"Skin of the Redwood",BaseArmorFactorBuff,3.0,0,0,0.0,0,5017,5017
5018,"Greater Skin of the Redwood",BaseArmorFactorBuff,3.0,0,0,0.0,0,5018,5018
5019,"Major Skin of the Redwood",BaseArmorFactorBuff,3.0,0,0,0.0,0,5019,5019
5020,"Superior Skin of the Redwood",BaseArmorFactorBuff,3.0,0,0,0.0,0,5020,5020
5021,"Dexterity of the Ferret",DexterityBuff,3.0,0,0,0.0,0,5021,5021
5022,"Dexterity of the Rabbit",DexterityBuff,3.0,0,0,0.0,0,5022,5022
5023,"Dexterity of the Badger",DexterityBuff,3.0,0,0,0.0,0,5023,5023
5024,"Dexterity of the Lynx",DexterityBuff,3.0,0,0,0.0,0,5024,5024
5025,"Dexterity of the Bear",DexterityBuff,3.0,0,0,0.0,0,5025,5025
5026,"Dexterity of the Wolf",DexterityBuff,3.0,0,0,0.0,0,5026,5026
5031,"Oak's Stoutness",ConstitutionBuff,3.0,0,0,0.0,0,5031,5031
5032,"Oak's Stamina",ConstitutionBuff,3.0,0,0,0.0,0,5032,5032
5033,"Oak's Girth",ConstitutionBuff,3.0,0,0,0.0,0,5033,5033
5034,"Redwood's Stoutness",ConstitutionBuff,3.0,0,0,0.0,0,5034,5034
5035,"Redwood's Stamina",ConstitutionBuff,3.0,0,0,0.0,0,5035,5035
5036,"Redwood's Girth",ConstitutionBuff,3.0,0,0,0.0,0,5036,5036
5051,"Hunter's Attack",CombatSpeedBuff,3.5,0,0,0.0,0,5051,5051
5052,"Hunter's Blow",CombatSpeedBuff,3.5,0,0,0.0,0,5052,5052
5053,"Hunter's Offense",CombatSpeedBuff,3.5,0,0,0.0,0,5053,5053
5054,"Hunter's Press",CombatSpeedBuff,3.5,0,0,0.0,0,5054,5054
5055,"Hunter's Strike",CombatSpeedBuff,3.5,0,0,0.0,0,5055,5055
5056,"Hunter's Assault",CombatSpeedBuff,3.5,0,0,0.0,0,5056,5056
5061,"Strength of the Tree",StrengthConstitutionBuff,3.0,0,0,0.0,0,5061,5061
5062,"Strength of the Thicket",StrengthConstitutionBuff,3.0,0,0,0.0,0,5062,5062
5063,"Strength of the Grove",StrengthConstitutionBuff,3.0,0,0,0.0,0,5063,5063
5064,"Strength of the Orchard",StrengthConstitutionBuff,3.0,0,0,0.0,0,5064,5064
5065,"Strength of the Wood",StrengthConstitutionBuff,3.0,0,0,0.0,0,5065,5065
5066,"Strength of the Forest",StrengthConstitutionBuff,3.0,0,0,0.0,0,5066,5066
5067,"Strength of the Timberland",StrengthConstitutionBuff,3.0,0,0,0.0,0,5067,5067
5071,"Breeze's Dance",DexterityQuicknessBuff,3.0,0,0,0.0,0,5071,5071
5072,"Gust's Dance",DexterityQuicknessBuff,3.0,0,0,0.0,0,5072,5072
5073,"Squall's Dance",DexterityQuicknessBuff,3.0,0,0,0.0,0,5073,5073
5074,"Storm's Dance",DexterityQuicknessBuff,3.0,0,0,0.0,0,5074,5074
5075,"Tornado's Dance",DexterityQuicknessBuff,3.0,0,0,0.0,0,5075,5075
5076,"Zephyr's Dance",DexterityQuicknessBuff,3.0,0,0,0.0,0,5076,5076
5077,"Nature's Sight",AcuityBuff,3.0,0,0,0.0,0,5077,5077
5078,"Nature's Wisdom",AcuityBuff,3.0,0,0,0.0,0,5078,5078
5079,"Nature's Sagacity",AcuityBuff,3.0,0,0,0.0,0,5079,5079
5080,"Nature's Vision",AcuityBuff,3.0,0,0,0.0,0,5080,5080
5081,"Strength of the Sun",HeatResistBuff,3.0,1200,0,0.0,0,5081,5081
5082,"Resillience of the Sun",HeatResistBuff,3.0,1200,0,0.0,0,5082,5082
5083,"Aura of the Sun",HeatResistBuff,3.0,1200,0,0.0,0,5083,5083
5084,"Warmth of the Badger",ColdResistBuff,3.0,1200,0,0.0,0,5084,5084
5085,"Warmth of the Wolf",ColdResistBuff,3.0,1200,0,0.0,0,5085,5085
5086,"Warmth of the Bear",ColdResistBuff,3.0,1200,0,0.0,0,5086,5086
5087,"Earth Affinity",MatterResistBuff,3.0,1200,0,0.0,0,5087,5087
5088,"Earth Bond",MatterResistBuff,3.0,1200,0,0.0,0,5088,5088
5089,"Earth Union",MatterResistBuff,3.0,1200,0,0.0,0,5089,5089
5101,"Ferocity of Nature",CombatSpeedBuff,3.0,1200,0,0.0,0,5101,5101
5102,"Rage of Nature",CombatSpeedBuff,3.0,1200,0,0.0,0,5102,5102
5103,"Fury of Nature",CombatSpeedBuff,3.0,1200,0,0.0,0,5103,5103
5104,"Anger of Nature",CombatSpeedBuff,3.0,1200,0,0.0,0,5104,5104
5105,"Hostility of Nature",CombatSpeedBuff,3.0,1200,0,0.0,0,5105,5105
5106,"Aggression of Nature",CombatSpeedBuff,3.0,1200,0,0.0,0,5106,5106
5107,"Reckoning of Nature",CombatSpeedBuff,3.0,1200,0,0.0,0,5107,5107
5111,"Nature's Revenge",DamageAdd,0.0,5,8,1.3,10,5111,5111
5112,"Nature's Vendetta",DamageAdd,0.0,5,8,1.9,10,5112,5112
5113,"Nature's Vengeance",DamageAdd,0.0,5,8,2.7,10,5113,5113
5114,"Nature's Retaliation",DamageAdd,0.0,5,8,3.4,10,5114,5114
5115,"Nature's Retribution",DamageAdd,0.0,5,8,4.3,10,5115,5115
5116,"Nature's Feud",DamageAdd,0.0,5,8,5.8,10,5116,5116
5117,"Nature's Reckoning",DamageAdd,0.0,5,8,7.5,10,5117,5117
5121,"Nature's Ward",Bladeturn,4.0,65535,0,0.0,0,5121,5121
5122,"Nature's Fend",Bladeturn,4.0,65535,0,0.0,0,5122,5122
5123,"Nature's Shield",Bladeturn,4.0,65535,0,0.0,0,5123,5123
5124,"Nature's Guard",Bladeturn,0.0,10,16,0.0,0,5124,5124
5125,"Nature's Barrier",Bladeturn,0.0,8,16,0.0,0,5125,5125
5126,"Nature's Wall",Bladeturn,0.0,6,16,0.0,0,5126,5126
5131,"Guardian's Encouragement",SpeedEnhancement,3.0,6,0,0.0,0,5131,5131
5132,"Benefactor's Encouragement",SpeedEnhancement,3.0,6,0,0.0,0,5132,5132
5133,"Protector's Encouragement",SpeedEnhancement,3.0,6,0,0.0,0,5133,5133
5134,"Warden's Encouragement",SpeedEnhancement,3.0,6,0,0.0,0,5134,5134
5135,"Paragon's Encouragement",SpeedEnhancement,3.0,6,0,0.0,0,5135,5135
5141,"Bolster Health",BodyResistBuff,3.0,1200,0,0.0,0,5141,5141
5142,"Bolster Resillience",BodyResistBuff,3.0,1200,0,0.0,0,5142,5142
5143,"Bolster Heartiness",BodyResistBuff,3.0,1200,0,0.0,0,5143,5143
5144,"Warden's Courage",SpiritResistBuff,3.0,1200,0,0.0,0,5144,5144
5145,"Warden's Honor",SpiritResistBuff,3.0,1200,0,0.0,0,5145,5145
5146,"Warden's Spirit",SpiritResistBuff,3.0,1200,0,0.0,0,5146,5146
5147,"Defy Thunder",EnergyResistBuff,3.0,1200,0,0.0,0,5147,5147
5148,"Defy Storm",EnergyResistBuff,3.0,1200,0,0.0,0,5148,5148
5149,"Defy Lightning",EnergyResistBuff,3.0,1200,0,0.0,0,5149,5149
5151,"Clear Path",SpeedEnhancement,3.0,6,0,0.0,0,5151,5151
5152,"Clear Trail",SpeedEnhancement,3.0,6,0,0.0,0,5152,5152
5153,"Clear Road",SpeedEnhancement,3.0,6,0,0.0,0,5153,5153
5154,"Clear Field",SpeedEnhancement,3.0,6,0,0.0,0,5154,5154
5155,"Clear Horizon",SpeedEnhancement,3.0,6,0,0.0,0,5155,5155
5161,"Rhythm of Hibernia",EnduranceRegenBuff,3.0,5,0,0.0,0,5161,5161
5162,"Rhythm of Earth",EnduranceRegenBuff,3.0,5,0,0.0,0,5162,5162
5163,"Rhythm of Nature",EnduranceRegenBuff,3.0,5,0,0.0,0,5163,5163
5164,"Rhythm of the World",EnduranceRegenBuff,3.0,5,0,0.0,0,5164,5164
5165,"Rhythm of the Cosmos",EnduranceRegenBuff,3.0,5,0,0.0,0,5165,5165
5171,"Rhyme of Earth",PowerRegenBuff,3.0,6,0,0.0,0,5171,5171
5172,"Rhyme of Nature",PowerRegenBuff,3.0,6,0,0.0,0,5172,5172
5173,"Rhyme of the World",PowerRegenBuff,3.0,6,0,0.0,0,5173,5173
5174,"Rhyme of the Cosmos",PowerRegenBuff,3.0,6,0,0.0,0,5174,5174
5175,"Rhyme of Creation",PowerRegenBuff,3.0,6,0,0.0,0,5175,5175
5201,"Grasping Vines",SpeedDecrease,2.5,7,0,0.0,10,5201,5201
5202,"Bonding Vines",SpeedDecrease,2.5,13,0,0.0,10,5202,5202
5203,"Webbing Vines",SpeedDecrease,2.5,20,0,0.0,10,5203,5203
5204,"Clutching Vines",SpeedDecrease,2.5,28,0,0.0,10,5204,5204
5205,"Holding Vines",SpeedDecrease,2.5,38,0,0.0,10,5205,5205
5206,"Tangling Vines",SpeedDecrease,2.5,47,0,0.0,10,5206,5206
5207,"Tenacious Vines",SpeedDecrease,2.5,56,0,0.0,10,5207,5207
5208,"Detaining Vines",SpeedDecrease,2.5,70,0,0.0,10,5208,5208
5211,"Nails of the Wild",DamageAdd,3.0,1200,0,1.0,14,5211,5211
5212,"Claws of the Wild",DamageAdd,3.0,1200,0,1.6,14,5212,5212
5213,"Talons of the Wild",DamageAdd,3.0,1200,0,2.7,14,5213,5213
5214,"Teeth of the Wild",DamageAdd,3.0,1200,0,3.7,14,5214,5214
5215,"Fangs of the Wild",DamageAdd,3.0,1200,0,5.2,14,5215,5215
5216,"Pincers of Wild",DamageAdd,3.0,1200,0,6.5,14,5216,5216
5217,"Stingers of the Wild",DamageAdd,3.0,1200,0,8.4,14,5217,5217
5218,"Hooks of the Wild",DamageAdd,3.0,1200,0,10.5,14,5218,5218
5251,"Call Minor Nature Spirit",SummonDruidPet,6.0,65535,0,-75.0,0,5251,5251
5252,"Call Lesser Nature Spirit",SummonDruidPet,6.0,65535,0,-75.0,0,5252,5252
5253,"Call Nature Spirit",SummonDruidPet,6.0,65535,0,-75.0,0,5253,5253
5254,"Call Major Nature Spirit",SummonDruidPet,6.0,65535,0,-75.0,0,5254,5254
5255,"Call Greater Nature Spirit",SummonDruidPet,6.0,65535,0,-76.0,0,5255,5255
5261,Contamination,DamageOverTime,3.0,24,0,9.0,10,5261,5261
5262,Pollution,DamageOverTime,3.0,24,0,15.0,10,5262,5262
5263,Moldiness,DamageOverTime,3.0,24,0,19.0,10,5263,5263
5264,Wither,DamageOverTime,3.0,24,0,27.0,10,5264,5264
5265,Corruption,DamageOverTime,3.0,24,0,35.0,10,5265,5265
5266,Blight,DamageOverTime,3.0,24,0,43.0,10,5266,5266
5267,"Dry Rot",DamageOverTime,3.0,24,0,53.0,10,5267,5267
5268,Dilapidation,DamageOverTime,3.0,24,0,63.0,10,5268,5268
5269,Degeneration,DamageOverTime,3.0,24,0,73.0,10,5269,5269
5270,Defedation,DamageOverTime,3.0,24,0,87.0,10,5270,5270
5271,Briarsprout,DamageShield,4.0,0,0,0.9,14,5271,5271
5272,Pricklesprout,DamageShield,4.0,0,0,1.2,14,5272,5272
5273,Burrsprout,DamageShield,4.0,0,0,1.8,14,5273,5273
5274,Thornsprout,DamageShield,4.0,0,0,2.2,14,5274,5274
5275,Spursprout,DamageShield,4.0,0,0,2.9,14,5275,5275
5276,Thistlesprout,DamageShield,4.0,0,0,3.7,14,5276,5276
5277,Spinesprout,DamageShield,4.0,0,0,4.6,14,5277,5277
5281,"Patch of Ivy",SpeedDecrease,2.5,15,0,0.0,14,5281,5281
5282,"Patch of Brambles",SpeedDecrease,2.5,23,0,0.0,14,5282,5282
5283,"Patch of Tangleweed",SpeedDecrease,2.5,30,0,0.0,14,5283,5283
5284,"Field of Ivy",SpeedDecrease,2.5,38,0,0.0,14,5284,5284
5285,"Field of Brambles",SpeedDecrease,2.5,47,0,0.0,14,5285,5285
5286,"Field of Tangleweed",SpeedDecrease,2.5,60,0,0.0,14,5286,5286
5287,"Expanse of Tangleweed",SpeedDecrease,2.5,73,0,0.0,14,5287,5287
5291,"Sprouting Undergrowth",SpeedDecrease,0.0,46,600,0.0,14,5291,5291
5292,"Bursting Undergrowth",SpeedDecrease,0.0,56,600,0.0,14,5292,5292
5293,"Choking Undergrowth",SpeedDecrease,0.0,69,600,0.0,14,5293,5293
5301,"Minor Lullaby",Amnesia,0.0,0,5,0.0,0,5301,5301
5302,"Lesser Lullaby",Amnesia,0.0,0,10,0.0,0,5302,5302
5303,Lullaby,Amnesia,0.0,0,10,0.0,0,5303,5303
5304,"Greater Lullaby",Amnesia,0.0,0,10,0.0,0,5304,5304
5305,"Superior Lullaby",Amnesia,0.0,0,10,0.0,0,5305,5305
5311,"Mesmerizing Melody",Mesmerize,2.5,16,0,0.0,10,5311,5311
5312,"Entrancing Melody",Mesmerize,2.5,21,0,0.0,10,5312,5312
5313,"Paralyzing Melody",Mesmerize,2.5,28,0,0.0,10,5313,5313
5314,"Facinating Melody",Mesmerize,2.5,35,0,0.0,10,5314,5314
5315,"Mesmerizing Hymn",Mesmerize,2.5,42,0,0.0,10,5315,5315
5316,"Entrancing Hymn",Mesmerize,2.5,51,0,0.0,10,5316,5316
5317,"Paralyzing Hymn",Mesmerize,2.5,61,0,0.0,10,5317,5317
5318,"Facinating Hymn",Mesmerize,2.5,70,0,0.0,10,5318,5318
5319,"Clarifying Harmonies",CureMezz,3.0,0,0,0.0,0,5319,5319
5351,"Confounding Cadence",Confusion,3.5,60,0,0.0,10,5351,5351
5352,"Befuddling Cadence",Confusion,3.5,60,0,0.0,10,5352,5352
5353,"Confusing Cadence",Confusion,3.5,60,0,0.0,10,5353,5353
5354,"Mystifying Cadence",Confusion,3.5,60,0,0.0,10,5354,5354
5355,"Confounding Ballad",Confusion,3.5,60,0,0.0,10,5355,5355
5356,"Befuddling Ballad",Confusion,3.5,60,0,0.0,10,5356,5356
5357,"Confusing Ballad",Confusion,3.5,60,0,0.0,10,5357,5357
5358,"Mystifying Ballad",Confusion,3.5,60,0,0.0,10,5358,5358
5361,"Concussive Shout",DirectDamage,0.0,0,10,4.0,10,5361,5361
5362,"Concussive Bellow",DirectDamage,0.0,0,10,12.0,10,5362,5362
5363,"Concussive Yell",DirectDamage,0.0,0,10,21.0,10,5363,5363
5364,"Concussive Holler",DirectDamage,0.0,0,10,32.0,10,5364,5364
5365,"Concussive Scream",DirectDamage,0.0,0,10,49.0,10,5365,5365
5366,"Concussive Whoop",DirectDamage,0.0,0,10,66.0,10,5366,5366
5367,"Concussive Shriek",DirectDamage,0.0,0,10,89.0,10,5367,5367
5368,"Concussive Roar",DirectDamage,0.0,0,10,114.0,10,5368,5368
5371,"Captivate Audience",Mesmerize,3.0,28,0,0.0,10,5371,5371
5372,"Captivate Crowd",Mesmerize,3.0,35,0,0.0,10,5372,5372
5373,"Captivate Swarms",Mesmerize,3.0,42,0,0.0,10,5373,5373
5374,"Captivate Multitude",Mesmerize,3.0,51,0,0.0,10,5374,5374
5375,"Captivate Army",Mesmerize,3.0,61,0,0.0,10,5375,5375
5376,"Captivate Legions",Mesmerize,3.0,70,0,0.0,10,5376,5376
5381,"Hymn of Body Guarding",BodyResistBuff,0.0,5,8,0.0,0,5381,5381
5382,"Hymn of Body Protection",BodyResistBuff,0.0,5,8,0.0,0,5382,5382
5383,"Hymn of Spirit Guarding",SpiritResistBuff,0.0,5,8,0.0,0,5383,5383
5384,"Hymn of Spirit Protection",SpiritResistBuff,0.0,5,8,0.0,0,5384,5384
5385,"Hymn of Energy Guarding",EnergyResistBuff,0.0,5,8,0.0,0,5385,5385
5386,"Hymn of Energy Protection",EnergyResistBuff,0.0,5,8,0.0,0,5386,5386
5387,"Hymn of Heat Guarding",HeatResistBuff,0.0,5,8,0.0,0,5387,5387
5388,"Hymn of Heat Protection",HeatResistBuff,0.0,5,8,0.0,0,5388,5388
5389,"Hymn of Cold Guarding",ColdResistBuff,0.0,5,8,0.0,0,5389,5389
5390,"Hymn of Cold Protection",ColdResistBuff,0.0,5,8,0.0,0,5390,5390
5391,"Hymn of Earth Guarding",MatterResistBuff,0.0,5,8,0.0,0,5391,5391
5392,"Hymn of Earth Protection",MatterResistBuff,0.0,5,8,0.0,0,5392,5392
5393,"Hypnotic Harmony",Mesmerize,0.0,22,600,0.0,10,5393,5393
5394,"Deluding Harmony",Mesmerize,0.0,26,600,0.0,10,5394,5394
5395,"Entrancing Harmony",Mesmerize,0.0,31,600,0.0,10,5395,5395
5401,Debility,StrengthConstitutionDebuff,0.0,60,20,0.0,10,5401,5401
5402,"Greater Debility",StrengthConstitutionDebuff,0.0,60,20,0.0,10,5402,5402
5403,Atony,StrengthConstitutionDebuff,0.0,60,20,0.0,10,5403,5403
5404,"Greater Atony",StrengthConstitutionDebuff,0.0,60,20,0.0,10,5404,5404
5405,Enervation,StrengthConstitutionDebuff,0.0,60,20,0.0,10,5405,5405
5406,"Greater Enervation",StrengthConstitutionDebuff,0.0,60,20,0.0,10,5406,5406
5407,Infirmity,StrengthConstitutionDebuff,0.0,60,20,0.0,10,5407,5407
5408,"Greater Infirmity",StrengthConstitutionDebuff,0.0,60,20,0.0,10,5408,5408
5411,Submission,DexterityQuicknessDebuff,0.0,60,20,0.0,10,5411,5411
5412,"Greater Submission",DexterityQuicknessDebuff,0.0,60,20,0.0,10,5412,5412
5413,Surrender,DexterityQuicknessDebuff,0.0,60,20,0.0,10,5413,5413
5414,"Greater Surrender",DexterityQuicknessDebuff,0.0,60,20,0.0,10,5414,5414
5415,Capitulation,DexterityQuicknessDebuff,0.0,60,20,0.0,10,5415,5415
5416,"Greater Capitulation",DexterityQuicknessDebuff,0.0,60,20,0.0,10,5416,5416
5417,Resignation,DexterityQuicknessDebuff,0.0,60,20,0.0,10,5417,5417
5418,"Greater Resignation",DexterityQuicknessDebuff,0.0,60,20,0.0,10,5418,5418
5421,"Minor Demoralization",CombatSpeedDebuff,0.0,60,20,0.0,10,5421,5421
5422,"Lesser Demoralization",CombatSpeedDebuff,0.0,60,20,0.0,10,5422,5422
5423,Demoralization,CombatSpeedDebuff,0.0,60,20,0.0,10,5423,5423
5424,"Major Demoralization",CombatSpeedDebuff,0.0,60,20,0.0,10,5424,5424
5425,"Greater Demoralization",CombatSpeedDebuff,0.0,60,20,0.0,10,5425,5425
5426,"Superior Demoralization",CombatSpeedDebuff,0.0,60,20,0.0,10,5426,5426
5427,"Ultimate Demoralization",CombatSpeedDebuff,0.0,60,20,0.0,10,5427,5427
5428,"Blast of Courage",DirectDamage,0.0,0,15,4.0,10,5428,5428
5429,"Blast of Bravery",DirectDamage,0.0,0,15,15.0,10,5429,5429
5430,"Blast of Boldness",DirectDamage,0.0,0,15,27.0,10,5430,5430
5431,"Blast of Galliance",DirectDamage,0.0,0,15,38.0,10,5431,5431
5432,"Blast of Defiance",DirectDamage,0.0,0,15,61.0,10,5432,5432
5433,"Blast of Valiance",DirectDamage,0.0,0,15,77.0,10,5433,5433
5434,"Blast of Heroism",DirectDamage,0.0,0,15,103.0,10,5434,5434
5435,"Blast of the Champion",DirectDamage,0.0,0,15,128.0,10,5435,5435
5436,Slowness,SpeedDecrease,0.0,51,20,0.0,15,5436,5436
5437,Languor,SpeedDecrease,0.0,59,20,0.0,15,5437,5437
5438,Lumber,SpeedDecrease,0.0,68,20,0.0,15,5438,5438
5439,Sluggishness,SpeedDecrease,0.0,86,20,0.0,15,5439,5439
5440,Crawl,SpeedDecrease,0.0,103,20,0.0,15,5440,5440
5441,"Vigor of the Champion",StrengthConstitutionBuff,3.0,1200,0,0.0,0,5441,5441
5442,"Strength of the Champion",StrengthConstitutionBuff,3.0,1200,0,0.0,0,5442,5442
5443,"Fortification of the Champion",StrengthConstitutionBuff,3.0,1200,0,0.0,0,5443,5443
5444,"Focus of the Champion",StrengthConstitutionBuff,3.0,1200,0,0.0,0,5444,5444
5445,"Power of the Champion",StrengthConstitutionBuff,3.0,1200,0,0.0,0,5445,5445
5446,"Force of the Champion",StrengthConstitutionBuff,3.0,1200,0,0.0,0,5446,5446
5447,"Might of the Champion",StrengthConstitutionBuff,3.0,1200,0,0.0,0,5447,5447
5451,"Sharpened Senses",DexterityQuicknessBuff,3.0,1200,0,0.0,0,5451,5451
5452,"Keen Sight",DexterityQuicknessBuff,3.0,1200,0,0.0,0,5452,5452
5453,"Enhanced Senses",DexterityQuicknessBuff,3.0,1200,0,0.0,0,5453,5453
5454,"Honed Reflexes",DexterityQuicknessBuff,3.0,1200,0,0.0,0,5454,5454
5455,"Superior Coordination",DexterityQuicknessBuff,3.0,1200,0,0.0,0,5455,5455
5456,"Perfect Acuity",DexterityQuicknessBuff,3.0,1200,0,0.0,0,5456,5456
5461,"Forest Shadow",SpeedEnhancement,0.0,20,600,0.0,0,5461,5461
5462,"Greater Forest Shadow",SpeedEnhancement,0.0,25,600,0.0,0,5462,5462
5463,"Forest Spirit",SpeedEnhancement,0.0,35,600,0.0,0,5463,5463
5464,"Greater Forest Spirit",SpeedEnhancement,0.0,45,600,0.0,0,5464,5464
5465,"Forest Phantom",SpeedEnhancement,0.0,50,600,0.0,0,5465,5465
5471,Determination,BaseArmorFactorBuff,3.0,1200,0,0.0,0,5471,5471
5472,Perserverance,BaseArmorFactorBuff,3.0,1200,0,0.0,0,5472,5472
5473,"Self Control",BaseArmorFactorBuff,3.0,1200,0,0.0,0,5473,5473
5474,"Iron Will",BaseArmorFactorBuff,3.0,1200,0,0.0,0,5474,5474
5475,Resolution,BaseArmorFactorBuff,3.0,1200,0,0.0,0,5475,5475
5476,Devotion,BaseArmorFactorBuff,3.0,1200,0,0.0,0,5476,5476
5477,"Steel Mind",BaseArmorFactorBuff,3.0,1200,0,0.0,0,5477,5477
5478,"Inner Strength",BaseArmorFactorBuff,3.0,1200,0,0.0,0,5478,5478
5479,Invincibility,BaseArmorFactorBuff,3.0,1200,0,0.0,0,5479,5479
5481,"Vigorous Will",StrengthBuff,3.0,1200,0,0.0,0,5481,5481
5482,"Strength of Will",StrengthBuff,3.0,1200,0,0.0,0,5482,5482
5483,"Fortification of Will",StrengthBuff,3.0,1200,0,0.0,0,5483,5483
5484,"Focus of Will",StrengthBuff,3.0,1200,0,0.0,0,5484,5484
5485,"Power of Will",StrengthBuff,3.0,1200,0,0.0,0,5485,5485
5486,"Force of Will",StrengthBuff,3.0,1200,0,0.0,0,5486,5486
5487,"Sovereign Will",StrengthBuff,3.0,1200,0,0.0,0,5487,5487
5491,"Piercing Strike",DamageAdd,3.0,1200,0,1.4,12,5491,5491
5492,"Incisive Strike",DamageAdd,3.0,1200,0,1.8,12,5492,5492
5493,"Cutting Strike",DamageAdd,3.0,1200,0,2.9,12,5493,5493
5494,"Sharpened Strike",DamageAdd,3.0,1200,0,4.2,12,5494,5494
5495,"Precision Strike",DamageAdd,3.0,1200,0,5.4,12,5495,5495
5496,"Unerring Strike",DamageAdd,3.0,1200,0,7.3,12,5496,5496
5497,"Perfect Strike",DamageAdd,3.0,1200,0,9.4,12,5497,5497
5501,"Lesser Dusk Strike",NightshadeNuke,3.0,0,0,7.0,11,5501,5501
5502,"Dusk Strike",NightshadeNuke,3.0,0,0,10.0,11,5502,5502
5503,"Lesser Twilight Strike",NightshadeNuke,3.0,0,0,13.0,11,5503,5503
5504,"Twilight Strike",NightshadeNuke,3.0,0,0,27.018,11,5504,5504
5505,"Lesser Gloaming Strike",NightshadeNuke,3.0,0,0,24.0,11,5505,5505
5506,"Gloaming Strike",NightshadeNuke,3.0,0,0,30.0,11,5506,5506
5507,"Lesser Nocturnal Strike",NightshadeNuke,3.0,0,0,39.0,11,5507,5507
5508,"Nocturnal Strike",NightshadeNuke,3.0,0,0,48.0,11,5508,5508
5509,"Lesser Midnight Strike",NightshadeNuke,3.0,0,0,58.0,11,5509,5509
5510,"Midnight Strike",NightshadeNuke,3.0,0,0,73.0,11,5510,5510
5511,"Dart of Night",NightshadeNuke,0.0,0,20,12.0,11,5511,5511
5512,"Dagger of Night",NightshadeNuke,0.0,0,20,27.015,11,5512,5512
5513,"Knife of Night",NightshadeNuke,0.0,0,20,38.02,11,5513,5513
5514,"Stiletto of Night",NightshadeNuke,0.0,0,20,26.0,11,5514,5514
5515,"Arrow of Night",NightshadeNuke,0.0,0,20,33.0,11,5515,5515
5516,"Rapier of Night",NightshadeNuke,0.0,0,20,42.0,11,5516,5516
5517,"Spear of Night",NightshadeNuke,0.0,0,20,51.0,11,5517,5517
5518,"Lance of Night",NightshadeNuke,0.0,0,20,62.0,11,5518,5518
5998,"Personal Recall Stone",GatewayPersonalBind,10.0,0,1800,0.0,0,4310,4310
5999,Uni-Portal,UniPortal,2.0,0,0,0.0,0,4310,4310
6001,"Glimpse of Fate",ArmorFactorDebuff,3.0,30,0,0.0,15,9001,9001
6002,"Glimpse of the Inevitable",ArmorFactorDebuff,3.0,30,0,0.0,15,9002,9002
6003,"Glimpse of the Grave",ArmorFactorDebuff,3.0,30,0,0.0,15,9003,9003
6004,"Glimpse of Death",ArmorFactorDebuff,3.0,30,0,0.0,15,9004,9004
6005,"Visions of Fate",ArmorFactorDebuff,3.0,30,0,0.0,15,9005,9005
6006,"Visions of the Inevitable",ArmorFactorDebuff,3.0,30,0,0.0,15,9006,9006
6007,"Visions of the Grave",ArmorFactorDebuff,3.0,30,0,0.0,15,9007,9007
6008,"Visions of Death",ArmorFactorDebuff,3.0,30,0,0.0,15,9008,9008
6011,"Health Evacuation",Lifedrain,3.0,0,0,5.0,15,9011,9011
6012,"Life Evacuation",Lifedrain,3.0,0,0,17.0,15,9012,9012
6013,"Spirit Evacuation",Lifedrain,3.0,0,0,33.0,15,9013,9013
6014,"Soul Evacuation",Lifedrain,3.0,0,0,49.0,15,9014,9014
6015,"Vitality Theft",Lifedrain,3.0,0,0,73.0,15,9015,9015
6016,"Theft of Vigor",Lifedrain,3.0,0,0,92.0,15,9016,9016
6017,"Theft of Vim",Lifedrain,3.0,0,0,116.0,15,9017,9017
6018,"Theft of Energy",Lifedrain,3.0,0,0,143.0,15,9018,9018
6019,"Theft of Liveliness",Lifedrain,3.0,0,0,179.0,15,9019,9019
6021,"Servant of Death",DexterityBuff,3.0,1200,0,0.0,0,9021,9021
6022,"Agent of Death",DexterityBuff,3.0,1200,0,0.0,0,9022,9022
6023,"Bringer of Death",DexterityBuff,3.0,1200,0,0.0,0,9023,9023
6024,"Servant of the Grave",DexterityBuff,3.0,1200,0,0.0,0,9024,9024
6025,"Agent of the Grave",DexterityBuff,3.0,1200,0,0.0,0,9025,9025
6026,"Bringer of the Grave",DexterityBuff,3.0,1200,0,0.0,0,9026,9026
6027,"Death's Calling",DexterityBuff,3.0,1200,0,0.0,0,9027,9027
6101,"Longing For Death",ArmorAbsorptionBuff,3.0,1200,0,0.0,0,9101,9101
6102,"Communion with Death",ArmorAbsorptionBuff,3.0,1200,0,0.0,0,9102,9102
6103,"Intimacy with Death",ArmorAbsorptionBuff,3.0,1200,0,0.0,0,9103,9103
6111,"Vigor Vacuum",PowerDrainPet,3.0,0,0,5.0,15,9111,9111
6112,"Power Vacuum",PowerDrainPet,3.0,0,0,13.0,15,9112,9112
6113,"Efficacy Vacuum",PowerDrainPet,3.0,0,0,29.0,15,9113,9113
6114,"Puissance Vacuum",PowerDrainPet,3.0,0,0,45.0,15,9114,9114
6115,"Energy Vacuum",PowerDrainPet,3.0,0,0,68.0,15,9115,9115
6116,"Lifeforce Vacuum",PowerDrainPet,3.0,0,0,92.0,15,9116,9116
6117,"Spirit Vacuum",PowerDrainPet,3.0,0,0,124.0,15,9117,9117
6118,"Soul Vacuum",PowerDrainPet,3.0,0,0,159.0,15,9118,9118
6121,"Gift of Insight",PowerTransferPet,3.0,0,0,0.0,15,9121,9121
6122,"Gift of Vim",PowerTransferPet,3.0,0,0,0.0,15,9122,9122
6123,"Gift of Vision",PowerTransferPet,3.0,0,0,0.0,15,9123,9123
6124,"Gift of Energy",PowerTransferPet,3.0,0,0,0.0,15,9124,9124
6125,"Gift of Power",PowerTransferPet,3.0,0,0,0.0,15,9125,9125
6126,"Gift of Essence",PowerTransferPet,3.0,0,0,0.0,15,9126,9126
6127,"Gift of Force",PowerTransferPet,3.0,0,0,0.0,15,9127,9127
6128,"Arawn's Gift",PowerTransferPet,3.0,0,0,0.0,15,9128,9128
6131,"Figments of Death",ArmorFactorDebuff,3.0,30,0,0.0,15,9131,9131
6132,"Delusions of Death",ArmorFactorDebuff,3.0,30,0,0.0,15,9132,9132
6133,"Mirages of Death",ArmorFactorDebuff,3.0,30,0,0.0,15,9133,9133
6134,"Phantoms of Death",ArmorFactorDebuff,3.0,30,0,0.0,15,9134,9134
6135,"Apparitions of Death",ArmorFactorDebuff,3.0,30,0,0.0,15,9135,9135
6136,"Phantasms of Death",ArmorFactorDebuff,3.0,30,0,0.0,15,9136,9136
6137,"Specters of Death",ArmorFactorDebuff,3.0,30,0,0.0,15,9137,9137
6191,"Cry of the Dead",Lifedrain,0.0,0,0,5.0,15,9191,9191
6192,"Bellow of the Dead",Lifedrain,0.0,0,0,14.0,15,9192,9192
6193,"Anguish of the Dead",Lifedrain,0.0,0,0,21.0,15,9193,9193
6194,"Agony of the Dead",Lifedrain,0.0,0,0,35.0,15,9194,9194
6195,"Pain of the Dead",Lifedrain,0.0,0,0,48.0,15,9195,9195
6196,"Sorrow of the Dead",Lifedrain,0.0,0,0,64.0,15,9196,9196
6197,"Shriek of the Dead",Lifedrain,0.0,0,0,82.0,15,9197,9197
6198,"Scream of the Dead",Lifedrain,0.0,0,0,98.0,15,9198,9198
6201,"Accentuate Pain",ConstitutionDebuff,0.0,30,0,0.0,15,9201,9201
6202,"Heighten Pain",ConstitutionDebuff,0.0,30,0,0.0,15,9202,9202
6203,"Boost Pain",ConstitutionDebuff,0.0,30,0,0.0,15,9203,9203
6204,"Intensify Pain",ConstitutionDebuff,0.0,30,0,0.0,15,9204,9204
6205,"Enhance Pain",ConstitutionDebuff,0.0,30,0,0.0,15,9205,9205
6206,"Aggravate Pain",ConstitutionDebuff,0.0,30,0,0.0,15,9206,9206
6207,"Magnify Pain",ConstitutionDebuff,0.0,30,0,0.0,15,9207,9207
6208,"Sharpen Pain",ConstitutionDebuff,0.0,30,0,0.0,15,9208,9208
6209,"Exacerbate Pain",ConstitutionDebuff,0.0,30,0,0.0,15,9209,9209
6211,"Crippling Pain",SpeedDecrease,2.5,12,0,0.0,15,9211,9211
6212,"Exhausting Pain",SpeedDecrease,2.5,16,0,0.0,15,9212,9212
6213,"Disabling Pain",SpeedDecrease,2.5,20,0,0.0,15,9213,9213
6214,"Constricting Pain",SpeedDecrease,2.5,25,0,0.0,15,9214,9214
6215,"Deadening Pain",SpeedDecrease,2.5,30,0,0.0,15,9215,9215
6216,"Enfeebling Pain",SpeedDecrease,2.5,38,0,0.0,15,9216,9216
6217,"Debilitating Pain",SpeedDecrease,2.5,49,0,0.0,15,9217,9217
6218,"Weakening Pain",SpeedDecrease,2.5,60,0,0.0,15,9218,9218
6219,"Dispiriting Pain",SpeedDecrease,2.5,73,0,0.0,15,9219,9219
6221,"Facilitate Painworking",FacilitatePainworking,0.0,6,0,0.0,15,9221,9221
6301,"Shroud of Affliction",StrengthConstitutionDebuff,0.0,30,0,0.0,15,9301,9301
6302,"Shroud of Pain",StrengthConstitutionDebuff,0.0,30,0,0.0,15,9302,9302
6303,"Shroud of Agony",StrengthConstitutionDebuff,0.0,30,0,0.0,15,9303,9303
6304,"Shroud of Injury",StrengthConstitutionDebuff,0.0,30,0,0.0,15,9304,9304
6305,"Shroud of Misery",StrengthConstitutionDebuff,0.0,30,0,0.0,15,9305,9305
6306,"Shroud of Woe",StrengthConstitutionDebuff,0.0,30,0,0.0,15,9306,9306
6307,"Shroud of Torture",StrengthConstitutionDebuff,0.0,30,0,0.0,15,9307,9307
6311,"Vortex of Anguish",SpeedDecrease,3.0,8,0,0.0,15,9311,9311
6312,"Vortex of Misery",SpeedDecrease,3.0,9,0,0.0,15,9312,9312
6313,"Vortex of Wretchedness",SpeedDecrease,3.0,10,0,0.0,15,9313,9313
6314,"Vortex of Suffering",SpeedDecrease,3.0,11,0,0.0,15,9314,9314
6315,"Vortex of Grief",SpeedDecrease,3.0,12,0,0.0,15,9315,9315
6316,"Vortex of Rue",SpeedDecrease,3.0,13,0,0.0,15,9316,9316
6317,"Vortex of Agony",SpeedDecrease,3.0,15,0,0.0,15,9317,9317
6321,"Billowing Death",DamageOverTime,3.0,20,0,2.0,15,9321,9321
6322,"Expanding Death",DamageOverTime,3.0,20,0,7.0,15,9322,9322
6323,"Flowing Death",DamageOverTime,3.0,20,0,15.0,15,9323,9323
6324,"Exploding Death",DamageOverTime,3.0,20,0,21.0,15,9324,9324
6325,"Unending Death",DamageOverTime,3.0,20,0,29.0,15,9325,9325
6326,"Bloating Death",DamageOverTime,3.0,20,0,37.0,15,9326,9326
6327,"Swelling Death",DamageOverTime,3.0,20,0,49.0,15,9327,9327
6328,"Heightening Death",DamageOverTime,3.0,20,0,63.0,15,9328,9328
6329,"Infinite Death",DamageOverTime,3.0,20,0,79.0,15,9329,9329
6331,"Proficiency of Pain",StrengthConstitutionBuff,3.0,1200,0,0.0,0,9331,9331
6332,"Adept of Pain",StrengthConstitutionBuff,3.0,1200,0,0.0,0,9332,9332
6333,"Endowment of Pain",StrengthConstitutionBuff,3.0,1200,0,0.0,0,9333,9333
6334,"Aptitude for Pain",StrengthConstitutionBuff,3.0,1200,0,0.0,0,9334,9334
6335,"Expert of Pain",StrengthConstitutionBuff,3.0,1200,0,0.0,0,9335,9335
6336,"Command of Pain",StrengthConstitutionBuff,3.0,1200,0,0.0,0,9336,9336
6341,"Poison Gasp",DamageOverTime,0.0,20,0,4.0,15,9341,9341
6342,"Poison Wheeze",DamageOverTime,0.0,20,0,9.0,15,9342,9342
6343,"Poison Breath",DamageOverTime,0.0,20,0,17.0,15,9343,9343
6344,"Poison Aroma",DamageOverTime,0.0,20,0,26.0,15,9344,9344
6345,"Poison Gust",DamageOverTime,0.0,20,0,35.0,15,9345,9345
6346,"Poison Vapor",DamageOverTime,0.0,20,0,45.0,15,9346,9346
6347,"Poison Exhalation",DamageOverTime,0.0,20,0,54.0,15,9347,9347
6348,"Poison Wind",DamageOverTime,0.0,20,0,66.0,15,9348,9348
6421,"Strength of the Dead",StrengthBuff,0.0,1200,0,0.0,0,9421,9421
6422,"Tenacity of the Dead",StrengthBuff,0.0,1200,0,0.0,0,9422,9422
6423,"Fortitude of the Dead",StrengthBuff,0.0,1200,0,0.0,0,9423,9423
6424,"Brawn of the Dead",StrengthBuff,0.0,1200,0,0.0,0,9424,9424
6425,"Vigor of the Dead",StrengthBuff,0.0,1200,0,0.0,0,9425,9425
6426,"Fervor of the Dead",StrengthBuff,0.0,1200,0,0.0,0,9426,9426
6427,"Might of the Dead",StrengthBuff,0.0,1200,0,0.0,0,9427,9427
6461,"Regenerate Flesh",HealOverTime,0.0,15,0,0.0,0,9461,9411
6462,"Regenerate Blood",HealOverTime,0.0,15,0,0.0,0,9462,9412
6463,"Flesh of the Living",HealOverTime,0.0,15,0,0.0,0,9463,9413
6464,"Regenerate Muscle",HealOverTime,0.0,15,0,0.0,0,9464,9414
6465,"Incorporate the Living",HealOverTime,0.0,15,0,0.0,0,9465,9415
6466,"Regenerate Body",HealOverTime,0.0,15,0,0.0,0,9466,9416
6467,"Dead Flesh Living",HealOverTime,0.0,15,0,0.0,0,9467,9417
6468,"Imbue the Abyss",HealOverTime,0.0,15,0,0.0,0,9468,9418
6501,"Channeled Anger",DirectDamage,3.0,0,0,31.0,15,9501,9501
6502,"Channeled Rage",DirectDamage,3.0,0,0,46.0,15,9502,9502
6503,"Channeled Hatred",DirectDamage,3.0,0,0,62.0,15,9503,9503
6504,"Channeled Ferocity",DirectDamage,3.0,0,0,81.0,15,9504,9504
6505,"Channeled Savagery",DirectDamage,3.0,0,0,108.0,15,9505,9505
6506,"Channeled Fury",DirectDamage,3.0,0,0,137.0,15,9506,9506
6507,"Channeled Wrath",DirectDamage,3.0,0,0,173.0,15,9507,9507
6508,"Channeled Frenzy",DirectDamage,3.0,0,0,219.0,15,9508,9508
6511,"Cleaving Guardian",DamageShield,0.0,30,0,1.0,15,9511,9511
6512,"Blades of Wrath",DamageShield,0.0,30,0,2.6,15,9512,9512
6513,"Reaping Shield",DamageShield,0.0,30,0,3.7,15,9513,9513
6514,"Edge of Hatred",DamageShield,0.0,30,0,5.8,15,9514,9514
6515,"Eviscerating Protector",DamageShield,0.0,30,0,8.9,15,9515,9515
6516,"Knives of Death",DamageShield,0.0,30,0,11.6,15,9516,9516
6517,"Flaying Shield",DamageShield,0.0,30,0,15.3,15,9517,9517
6518,"Soul Sundering Aura",DamageShield,0.0,30,0,21.1,15,9518,9518
6521,"Develop the Servant",DexterityQuicknessBuff,0.0,1200,0,0.0,0,9521,9521
6522,"Cultivate the Servant",DexterityQuicknessBuff,0.0,1200,0,0.0,0,9522,9522
6523,"Instructing the Servant",DexterityQuicknessBuff,0.0,1200,0,0.0,0,9523,9523
6524,"Refining the Servant",DexterityQuicknessBuff,0.0,1200,0,0.0,0,9524,9524
6525,"Honing the Servant",DexterityQuicknessBuff,0.0,1200,0,0.0,0,9525,9525
6526,"Disciplining the Servant",DexterityQuicknessBuff,0.0,1200,0,0.0,0,9526,9526
6527,"Breaking the Servant",DexterityQuicknessBuff,0.0,1200,0,0.0,0,9527,9527
6531,"Tormenting Cackle",DirectDamage,0.0,0,0,4.0,15,9531,9531
6532,"Torturous Cackle",DirectDamage,0.0,0,0,10.0,15,9532,9532
6533,"Afflicting Cackle",DirectDamage,0.0,0,0,24.0,15,9533,9533
6534,"Distressing Cackle",DirectDamage,0.0,0,0,38.0,15,9534,9534
6535,"Soulbreaking Cackle",DirectDamage,0.0,0,0,52.0,15,9535,9535
6536,"Sorrowful Cackle",DirectDamage,0.0,0,0,66.0,15,9536,9536
6537,"Discomforting Cackle",DirectDamage,0.0,0,0,80.0,15,9537,9537
6538,"Despondent Cackle",DirectDamage,0.0,0,0,100.0,15,9538,9538
6539,"Dejecting Cackle",DirectDamage,0.0,0,0,117.0,15,9539,9539
7083,"Prevent Flight",PreventFlight,0.0,10,0,0.0,10,7083,876
7350,Detaunt,StyleTaunt,0.0,0,0,0.0,0,7354,7354
7353,Taunt,StyleTaunt,0.0,0,0,0.0,0,7353,7353
7354,Detaunt,StyleTaunt,0.0,0,0,0.0,0,7354,7354
7397,"Blunt Arrows",ArrowDamageTypes,0.0,65535,0,0.0,1,7460,7460
7398,"Thrusting Arrows",ArrowDamageTypes,0.0,65535,0,0.0,3,7461,7461
7399,"Slashing Arrows",ArrowDamageTypes,0.0,65535,0,0.0,2,7462,7462
7400,"Standard Shot 1",Archery,5.0,0,0,7.7,3,7400,7400
7401,"Standard Shot 2",Archery,5.0,0,0,23.0,3,7400,7400
7402,"Standard Shot 3",Archery,5.0,0,0,47.8,3,7401,7401
7403,"Standard Shot 4",Archery,5.0,0,0,63.8,3,7401,7401
7404,"Standard Shot 5",Archery,5.0,0,0,79.7,3,7402,7402
7405,"Standard Shot 6",Archery,5.0,0,0,111.6,3,7402,7402
7406,"Standard Shot 7",Archery,5.0,0,0,127.5,3,7403,7403
7407,"Standard Shot 8",Archery,5.0,0,0,143.4,3,7403,7403
7408,"Standard Shot 9",Archery,5.0,0,0,159.4,3,7404,7404
7409,"Fire Shot 1",Archery,7.0,0,0,10.0,13,7430,7430
7410,"Fire Shot 2",Archery,7.0,0,0,30.5,13,7430,7430
7411,"Fire Shot 3",Archery,7.0,0,0,63.5,13,7431,7431
7412,"Fire Shot 4",Archery,7.0,0,0,85.0,13,7431,7431
7413,"Fire Shot 5",Archery,7.0,0,0,106.0,13,7432,7432
7414,"Fire Shot 6",Archery,7.0,0,0,148.5,13,7432,7432
7415,"Fire Shot 7",Archery,7.0,0,0,170.0,13,7433,7433
7416,"Fire Shot 8",Archery,7.0,0,0,191.0,13,7433,7433
7417,"Fire Shot 9",Archery,7.0,0,0,212.5,13,7434,7434
7418,"Cold Shot 1",Archery,7.0,0,0,12.0,11,7435,7435
7419,"Cold Shot 2",Archery,7.0,0,0,30.6,11,7435,7435
7420,"Cold Shot 3",Archery,7.0,0,0,63.8,11,7436,7436
7421,"Cold Shot 4",Archery,7.0,0,0,85.0,11,7436,7436
7422,"Cold Shot 5",Archery,7.0,0,0,106.3,11,7437,7437
7423,"Cold Shot 6",Archery,7.0,0,0,148.8,11,7437,7437
7424,"Cold Shot 7",Archery,7.0,0,0,170.0,11,7438,7438
7425,"Cold Shot 8",Archery,7.0,0,0,191.3,11,7438,7438
7426,"Cold Shot 9",Archery,7.0,0,0,212.5,11,7439,7439
7427,"Critical Shot 1",Archery,7.0,0,0,12.8,3,7420,7420
7428,"Critical Shot 2",Archery,7.0,0,0,38.3,3,7420,7420
7429,"Critical Shot 3",Archery,7.0,0,0,79.7,3,7421,7421
7430,"Critical Shot 4",Archery,7.0,0,0,106.3,3,7421,7421
7431,"Critical Shot 5",Archery,7.0,0,0,132.8,3,7422,7422
7432,"Critical Shot 6",Archery,7.0,0,0,185.9,3,7422,7422
7433,"Critical Shot 7",Archery,7.0,0,0,212.5,3,7423,7423
7434,"Critical Shot 8",Archery,7.0,0,0,239.1,3,7423,7423
7435,"Critical Shot 9",Archery,7.0,0,0,265.6,3,7424,7424
7436,"Long Shot 1",Archery,7.0,0,0,5.1,3,7405,7405
7437,"Long Shot 2",Archery,7.0,0,0,15.3,3,7405,7405
7438,"Long Shot 3",Archery,7.0,0,0,31.9,3,7406,7406
7439,"Long Shot 4",Archery,7.0,0,0,42.5,3,7406,7406
7440,"Long Shot 5",Archery,7.0,0,0,53.1,3,7407,7407
7441,"Long Shot 6",Archery,7.0,0,0,74.4,3,7407,7407
7442,"Long Shot 7",Archery,7.0,0,0,85.0,3,7408,7408
7443,"Long Shot 8",Archery,7.0,0,0,95.6,3,7409,7409
7444,"Point Blank Shot 1",Archery,4.0,0,0,10.2,3,7415,7415
7445,"Point Blank Shot 2",Archery,4.0,0,0,30.6,3,7415,7415
7446,"Point Blank Shot 3",Archery,4.0,0,0,63.8,3,7416,7416
7447,"Point Blank Shot 4",Archery,4.0,0,0,85.0,3,7416,7416
7448,"Point Blank Shot 5",Archery,4.0,0,0,106.3,3,7417,7417
7449,"Point Blank Shot 6",Archery,4.0,0,0,148.8,3,7417,7417
7450,"Point Blank Shot 7",Archery,4.0,0,0,170.0,3,7418,7418
7451,"Point Blank Shot 8",Archery,4.0,0,0,191.3,3,7419,7419
7452,"Power Shot 1",Archery,6.0,0,0,12.8,3,7410,7410
7453,"Power Shot 2",Archery,6.0,0,0,38.3,3,7410,7410
7454,"Power Shot 3",Archery,6.0,0,0,79.7,3,7411,7411
7455,"Power Shot 4",Archery,6.0,0,0,106.3,3,7411,7411
7456,"Power Shot 5",Archery,6.0,0,0,132.8,3,7412,7412
7457,"Power Shot 6",Archery,6.0,0,0,185.9,3,7412,7412
7458,"Power Shot 7",Archery,6.0,0,0,212.5,3,7413,7413
7459,"Power Shot 8",Archery,6.0,0,0,239.1,3,7414,7414
7460,"Siege Shot 1",SiegeArrow,7.0,0,15,2.5,2,7455,7455
7461,"Siege Shot 2",SiegeArrow,7.0,0,15,7.5,2,7455,7455
7462,"Siege Shot 3",SiegeArrow,7.0,0,15,15.5,2,7456,7456
7463,"Siege Shot 4",SiegeArrow,7.0,0,15,21.0,2,7456,7456
7464,"Siege Shot 5",SiegeArrow,7.0,0,15,26.5,2,7457,7457
7465,"Siege Shot 6",SiegeArrow,7.0,0,15,37.0,2,7457,7457
7466,"Siege Shot 7",SiegeArrow,7.0,0,15,42.5,2,7458,7458
7467,"Siege Shot 8",SiegeArrow,7.0,0,15,47.5,2,7459,7459
7468,"Rapid Shot 1",Archery,3.0,0,0,3.0,3,7425,7425
7469,"Rapid Shot 2",Archery,3.0,0,0,9.0,3,7425,7425
7470,"Rapid Shot 3",Archery,3.0,0,0,15.9,3,7426,7426
7471,"Rapid Shot 4",Archery,3.0,0,0,21.3,3,7426,7426
7472,"Rapid Shot 5",Archery,3.0,0,0,26.6,3,7427,7427
7473,"Rapid Shot 6",Archery,3.0,0,0,37.2,3,7427,7427
7474,"Rapid Shot 7",Archery,3.0,0,0,42.5,3,7428,7428
7475,"Rapid Shot 8",Archery,3.0,0,0,47.8,3,7429,7429
7476,"Volley Shot 1",Archery,7.0,1,30,6.0,3,7450,7450
7477,"Volley Shot 2",Archery,7.0,1,30,18.0,3,7450,7450
7478,"Volley Shot 3",Archery,7.0,1,30,75.0,3,7451,7451
7479,"Volley Shot 4",Archery,7.0,1,30,100.0,3,7451,7451
7480,"Volley Shot 5",Archery,7.0,1,30,125.0,3,7452,7452
7481,"Volley Shot 6",Archery,7.0,1,30,175.0,3,7452,7452
7482,"Volley Shot 7",Archery,7.0,1,30,200.0,3,7453,7453
7483,"Volley Shot 8",Archery,7.0,1,30,225.0,3,7454,7454
7484,"Acid Shot 1",Archery,7.0,0,0,6.0,14,7445,7445
7485,"Acid Shot 2",Archery,7.0,0,0,15.3,14,7445,7445
7486,"Acid Shot 3",Archery,7.0,0,0,31.9,14,7446,7446
7487,"Acid Shot 4",Archery,7.0,0,0,42.5,14,7446,7446
7488,"Acid Shot 5",Archery,7.0,0,0,53.1,14,7447,7447
7489,"Acid Shot 6",Archery,7.0,0,0,74.4,14,7447,7447
7490,"Acid Shot 7",Archery,7.0,0,0,85.0,14,7448,7448
7491,"Acid Shot 8",Archery,7.0,0,0,95.6,14,7449,7449
7492,"Poison Shot 1",Archery,7.0,0,0,5.0,10,7440,7440
7493,"Poison Shot 2",Archery,7.0,0,0,15.0,10,7440,7440
7494,"Poison Shot 3",Archery,7.0,0,0,31.5,10,7441,7441
7495,"Poison Shot 4",Archery,7.0,0,0,42.5,10,7441,7441
7496,"Poison Shot 5",Archery,7.0,0,0,53.0,10,7442,7442
7497,"Poison Shot 6",Archery,7.0,0,0,74.0,10,7442,7442
7498,"Poison Shot 7",Archery,7.0,0,0,85.0,10,7443,7443
7499,"Poison Shot 8",Archery,7.0,0,0,95.5,10,7444,7444
8010,"Level 5 LT Proc",Lifedrain,0.0,0,0,5.0,10,662,9191
8011,"Level 10 LT Proc",Lifedrain,0.0,0,0,7.0,10,662,9191
8012,"Level 15 LT Proc",Lifedrain,0.0,0,0,10.0,10,662,9191
8013,"Level 20 LT Proc",Lifedrain,0.0,0,0,12.0,10,662,9191
8014,"Level 25 LT Proc",Lifedrain,0.0,0,0,15.0,10,662,9191
8015,"Level 30 LT Proc",Lifedrain,0.0,0,0,20.0,10,662,9191
8016,"Level 35 LT Proc",Lifedrain,0.0,0,0,25.0,10,662,9191
8017,"Level 40 LT Proc",Lifedrain,0.0,0,0,30.0,10,662,9191
8020,"Level 5 DD Proc",Lifedrain,0.0,0,0,6.0,10,662,9191
8021,"Level 10 DD Proc",Lifedrain,0.0,0,0,12.0,10,662,9191
8022,"Level 15 DD Proc",Lifedrain,0.0,0,0,17.0,10,662,9191
8023,"Level 20 DD Proc",Lifedrain,0.0,0,0,23.0,10,662,9191
8024,"Level 25 DD Proc",Lifedrain,0.0,0,0,29.0,10,662,9191
8025,"Level 30 DD Proc",Lifedrain,0.0,0,0,35.0,10,662,9191
8026,"Level 35 DD Proc",Lifedrain,0.0,0,0,40.0,10,662,9191
8027,"Level 40 DD Proc",Lifedrain,0.0,0,0,46.0,10,662,9191
8030,"Level 5 Heal Proc",Heal,0.0,0,0,0.0,10,662,1563
8031,"Level 10 Heal Proc",Heal,0.0,0,0,0.0,10,662,1563
8032,"Level 15 Heal Proc",Heal,0.0,0,0,0.0,10,662,1563
8033,"Level 20 Heal Proc",Heal,0.0,0,0,0.0,10,662,1563
8034,"Level 25 Heal Proc",Heal,0.0,0,0,0.0,10,662,1563
8035,"Level 30 Heal Proc",Heal,0.0,0,0,0.0,10,662,1563
8036,"Level 35 Heal Proc",Heal,0.0,0,0,0.0,10,662,1563
8037,"Level 40 Heal Proc",Heal,0.0,0,0,0.0,10,662,1563
8040,"Level 5 ABS Proc",AblativeArmor,0.0,30,0,0.0,0,11253,11253
8041,"Level 10 ABS Proc",AblativeArmor,0.0,30,0,0.0,0,11253,11253
8042,"Level 15 ABS Proc",AblativeArmor,0.0,30,0,0.0,0,11253,11253
8043,"Level 20 ABS Proc",AblativeArmor,0.0,30,0,0.0,0,11253,11253
8044,"Level 25 ABS Proc",AblativeArmor,0.0,30,0,0.0,0,11253,11253
8045,"Level 30 ABS Proc",AblativeArmor,0.0,30,0,0.0,0,11253,11253
8046,"Level 35 ABS Proc",AblativeArmor,0.0,30,0,0.0,0,11253,11253
8047,"Level 40 ABS Proc",AblativeArmor,0.0,30,0,0.0,0,11253,11253
8051,"Elixir of Healing",Heal,3.0,0,0,0.0,0,8052,8051
8053,"Improved Elixir of Healing",Heal,3.0,0,0,0.0,0,8053,8053
8055,"Weak Elixir of Stamina",EnduranceHeal,3.0,0,0,0.0,0,8055,8055
8056,"Elixir of Stamina",EnduranceHeal,3.0,0,0,0.0,0,8056,8056
8057,"Improved Elixir of Stamina",EnduranceHeal,3.0,0,0,0.0,0,8057,8057
8058,"Strong Elixir of Stamina",EnduranceHeal,3.0,0,0,0.0,0,8058,8058
8060,"Elixir of Power",PowerHeal,3.0,0,0,0.0,0,8060,8060
8061,"Improved Elixir of Power",PowerHeal,0.0,0,0,0.0,0,8061,8061
8071,"Elixir of Speed",CombatSpeedBuff,3.0,600,0,0.0,0,8071,8071
8075,"Elixir of Mending",HealthRegenBuff,3.0,1200,0,0.0,0,8075,8075
8076,"Improved Elixir of Mending",HealthRegenBuff,3.0,1200,0,0.0,0,8076,8076
8079,"Elixir of Invigoration",EnduranceRegenBuff,3.0,1200,0,0.0,0,8079,8079
8080,"Improved Elixir of Invigoration",EnduranceRegenBuff,3.0,1200,0,0.0,0,8080,8080
8083,"Elixir of Clarity",PowerRegenBuff,3.0,1200,0,0.0,0,8083,8083
8084,"Improved Elixir of Clarity",PowerRegenBuff,3.0,1200,0,0.0,0,8084,8084
8090,"Elixir of Strength",StrengthBuff,3.0,1200,0,0.0,0,8090,8090
8091,"Elixir of Fortitude",ConstitutionBuff,3.0,1200,0,0.0,0,8091,8091
8092,"Elixir of Dexterity",DexterityBuff,3.0,1200,0,0.0,0,8092,8092
8093,"Elixir of Enlightenment",AcuityBuff,3.0,1200,0,0.0,0,8093,8093
8094,"Elixir of Might",StrengthConstitutionBuff,3.0,1200,0,0.0,0,8094,8094
8095,"Elixir of Deftness",DexterityQuicknessBuff,3.0,1200,0,0.0,0,8095,8095
8096,"Weak Essence of Weariness",FatigueConsumptionDebuff,0.0,60,0,0.0,10,8096,8096
8097,"Essence of Weariness",FatigueConsumptionDebuff,0.0,60,0,0.0,10,8097,8097
8100,"Weak Essence of Lethargy",CombatSpeedDebuff,0.0,30,0,0.0,10,8100,8100
8101,"Essence of Lethargy",CombatSpeedDebuff,0.0,30,0,0.0,10,8101,8101
8181,"RvR Resurrection Illness",RvrResurrectionIllness,0.0,60,0,0.0,0,2435,3421
8201,"Salamander Cold DD",DirectDamage,0.0,0,10,120.0,11,4227,159
9001,"Glimpse of Fate",PetSpell,0.0,30,0,0.0,15,9001,9001
9002,"Glimpse of the Inevitable",PetSpell,0.0,30,0,0.0,15,9002,9002
9003,"Glimpse of the Grave",PetSpell,0.0,30,0,0.0,15,9003,9003
9004,"Glimpse of Death",PetSpell,0.0,30,0,0.0,15,9004,9004
9005,"Visions of Fate",PetSpell,0.0,30,0,0.0,15,9005,9005
9006,"Visions of the Inevitable",PetSpell,0.0,30,0,0.0,14,9006,9006
9007,"Visions of the Grave",PetSpell,0.0,30,0,0.0,15,9007,9007
9008,"Visions of Death",PetSpell,0.0,30,0,0.0,15,9008,9008
9011,"Health Evacuation",PetSpell,0.0,0,0,5.0,15,9011,9011
9012,"Life Evacuation",PetSpell,0.0,0,0,17.0,15,9012,9012
9013,"Spirit Evacuation",PetSpell,0.0,0,0,33.0,15,9013,9013
9014,"Soul Evacuation",PetSpell,0.0,0,0,49.0,15,9014,9014
9015,"Vitality Theft",PetSpell,0.0,0,0,73.0,15,9015,9015
9016,"Theft of Vigor",PetSpell,0.0,0,0,92.0,15,9016,9016
9017,"Theft of Vim",PetSpell,0.0,0,0,116.0,15,9017,9017
9018,"Theft of Energy",PetSpell,0.0,0,0,143.0,15,9018,9018
9019,"Theft of Liveliness",PetSpell,0.0,0,0,179.0,15,9019,9019
9021,"Servant of Death",PetSpell,0.0,1200,0,0.0,0,9021,9021
9022,"Agent of Death",PetSpell,0.0,1200,0,0.0,0,9022,9022
9023,"Bringer of Death",PetSpell,0.0,1200,0,0.0,0,9023,9023
9024,"Servant of the Grave",PetSpell,0.0,1200,0,0.0,0,9024,9024
9025,"Agent of the Grave",PetSpell,0.0,1200,0,0.0,0,9025,9025
9026,"Bringer of the Grave",PetSpell,0.0,1200,0,0.0,0,9026,9026
9027,"Death's Calling",PetSpell,0.0,1200,0,0.0,0,9027,9027
9101,"Longing For Death",PetSpell,0.0,600,0,0.0,0,9101,9101
9102,"Communion with Death",PetSpell,0.0,600,0,0.0,0,9102,9102
9103,"Intimacy with Death",PetSpell,0.0,600,0,0.0,0,9103,9103
9111,"Vigor Vacuum",PetSpell,0.0,0,0,5.0,15,9111,9111
9112,"Power Vacuum",PetSpell,0.0,0,0,13.0,15,9112,9112
9113,"Efficacy Vacuum",PetSpell,0.0,0,0,29.0,15,9113,9113
9114,"Puissance Vacuum",PetSpell,0.0,0,0,45.0,15,9114,9114
9115,"Energy Vacuum",PetSpell,0.0,0,0,68.0,15,9115,9115
9116,"Lifeforce Vacuum",PetSpell,0.0,0,0,92.0,15,9116,9116
9117,"Spirit Vacuum",PetSpell,0.0,0,0,124.0,15,9117,9117
9118,"Soul Vacuum",PetSpell,0.0,0,0,159.0,15,9118,9118
9121,"Gift of Insight",PetSpell,0.0,0,0,0.0,15,9121,9121
9122,"Gift of Vim",PetSpell,0.0,0,0,0.0,15,9122,9122
9123,"Gift of Vision",PetSpell,0.0,0,0,0.0,15,9123,9123
9124,"Gift of Energy",PetSpell,0.0,0,0,0.0,15,9124,9124
9125,"Gift of Power",PetSpell,0.0,0,0,0.0,15,9125,9125
9126,"Gift of Essence",PetSpell,0.0,0,0,0.0,15,9126,9126
9127,"Gift of Force",PetSpell,0.0,0,0,0.0,15,9127,9127
9128,"Arawn's Gift",PetSpell,0.0,0,0,0.0,15,9128,9128
9131,"Figments of Death",PetSpell,0.0,30,0,0.0,15,9131,9131
9132,"Delusions of Death",PetSpell,0.0,30,0,0.0,15,9132,9132
9133,"Mirages of Death",PetSpell,0.0,30,0,0.0,15,9133,9133
9134,"Phantoms of Death",PetSpell,0.0,30,0,0.0,15,9134,9134
9135,"Apparitions of Death",PetSpell,0.0,30,0,0.0,15,9135,9135
9136,"Phantasms of Death",PetSpell,0.0,30,0,0.0,15,9136,9136
9137,"Specters of Death",PetSpell,0.0,30,0,0.0,15,9137,9137
9191,"Cry of the Dead",PetSpell,3.0,0,0,5.0,15,9191,9191
9192,"Bellow of the Dead",PetSpell,3.0,0,0,14.0,15,9192,9192
9193,"Anguish of the Dead",PetSpell,3.0,0,0,21.0,15,9193,9193
9194,"Agony of the Dead",PetSpell,3.0,0,0,35.0,15,9194,9194
9195,"Pain of the Dead",PetSpell,3.0,0,0,48.0,15,9195,9195
9196,"Sorrow of the Dead",PetSpell,3.0,0,0,64.0,15,9196,9196
9197,"Shriek of the Dead",PetSpell,3.0,0,0,82.0,15,9197,9197
9198,"Scream of the Dead",PetSpell,3.0,0,0,98.0,15,9198,9198
9201,"Accentuate Pain",PetSpell,0.0,30,0,0.0,15,9201,9201
9202,"Heighten Pain",PetSpell,0.0,30,0,0.0,15,9202,9202
9203,"Boost Pain",PetSpell,0.0,30,0,0.0,15,9203,9203
9204,"Intensify Pain",PetSpell,0.0,30,0,0.0,15,9204,9204
9205,"Enhance Pain",PetSpell,0.0,30,0,0.0,15,9205,9205
9206,"Aggravate Pain",PetSpell,0.0,30,0,0.0,15,9206,9206
9207,"Magnify Pain",PetSpell,0.0,30,0,0.0,15,9207,9207
9208,"Sharpen Pain",PetSpell,0.0,30,0,0.0,15,9208,9208
9209,"Exacerbate Pain",PetSpell,0.0,30,0,0.0,15,9209,9209
9211,"Crippling Pain",PetSpell,0.0,12,0,0.0,15,9211,9211
9212,"Exhausting Pain",PetSpell,0.0,16,0,0.0,15,9212,9212
9213,"Disabling Pain",PetSpell,0.0,20,0,0.0,15,9213,9213
9214,"Constricting Pain",PetSpell,0.0,25,0,0.0,15,9214,9214
9215,"Deadening Pain",PetSpell,0.0,30,0,0.0,15,9215,9215
9216,"Enfeebling Pain",PetSpell,0.0,38,0,0.0,15,9216,9216
9217,"Debilitating Pain",PetSpell,0.0,49,0,0.0,15,9217,9217
9218,"Weakening Pain",PetSpell,0.0,60,0,0.0,15,9218,9218
9219,"Dispiriting Pain",PetSpell,0.0,73,0,0.0,15,9219,9219
9221,"Facilitate Painworking",PetSpell,0.0,6,30,0.0,15,9221,9221
9301,"Shroud of Affliction",PetSpell,0.0,30,0,0.0,15,9301,9301
9302,"Shroud of Pain",PetSpell,0.0,30,0,0.0,15,9302,9302
9303,"Shroud of Agony",PetSpell,0.0,30,0,0.0,15,9303,9303
9304,"Shroud of Injury",PetSpell,0.0,30,0,0.0,15,9304,9304
9305,"Shroud of Misery",PetSpell,0.0,30,0,0.0,15,9305,9305
9306,"Shroud of Woe",PetSpell,0.0,30,0,0.0,15,9306,9306
9307,"Shroud of Torture",PetSpell,0.0,30,0,0.0,15,9307,9307
9311,"Vortex of Anguish",PetSpell,0.0,8,0,0.0,15,9311,9311
9312,"Vortex of Misery",PetSpell,0.0,9,0,0.0,15,9312,9312
9313,"Vortex of Wretchedness",PetSpell,0.0,10,0,0.0,15,9313,9313
9314,"Vortex of Suffering",PetSpell,0.0,11,0,0.0,15,9314,9314
9315,"Vortex of Grief",PetSpell,0.0,12,0,0.0,15,9315,9315
9316,"Vortex of Rue",PetSpell,0.0,13,0,0.0,15,9316,9316
9317,"Vortex of Agony",PetSpell,0.0,15,0,0.0,15,9317,9317
9321,"Billowing Death",PetSpell,0.0,20,0,2.0,15,9321,9321
9322,"Expanding Death",PetSpell,0.0,20,0,7.0,15,9322,9322
9323,"Flowing Death",PetSpell,0.0,20,0,15.0,15,9323,9323
9324,"Exploding Death",PetSpell,0.0,20,0,21.0,15,9324,9324
9325,"Unending Death",PetSpell,0.0,20,0,29.0,15,9325,9325
9326,"Bloating Death",PetSpell,0.0,20,0,37.0,15,9326,9326
9327,"Swelling Death",PetSpell,0.0,20,0,49.0,15,9327,9327
9328,"Heightening Death",PetSpell,0.0,20,0,63.0,15,9328,9328
9329,"Infinite Death",PetSpell,0.0,20,0,79.0,15,9329,9329
9331,"Proficiency of Pain",PetSpell,0.0,1200,0,0.0,0,9331,9331
9332,"Adept of Pain",PetSpell,0.0,1200,0,0.0,0,9332,9332
9333,"Endowment of Pain",PetSpell,0.0,1200,0,0.0,0,9333,9333
9334,"Aptitude for Pain",PetSpell,0.0,1200,0,0.0,0,9334,9334
9335,"Expert of Pain",PetSpell,0.0,1200,0,0.0,0,9335,9335
9336,"Command of Pain",PetSpell,0.0,1200,0,0.0,0,9336,9336
9341,"Poison Gasp",PetSpell,3.0,20,0,4.0,15,9341,9341
9342,"Poison Wheeze",PetSpell,3.0,20,0,9.0,15,9342,9342
9343,"Poison Breath",PetSpell,3.0,20,0,17.0,15,9343,9343
9344,"Poison Aroma",PetSpell,3.0,20,0,26.0,15,9344,9344
9345,"Poison Gust",PetSpell,3.0,20,0,35.0,15,9345,9345
9346,"Poison Vapor",PetSpell,3.0,20,0,45.0,15,9346,9346
9347,"Poison Exhalation",PetSpell,3.0,20,0,54.0,15,9347,9347
9348,"Poison Wind",PetSpell,3.0,20,0,66.0,15,9348,9348
9401,"Call Minor Zombie Servant",SummonNecroPet,20.0,65535,0,-88.0,0,9401,9401
9402,"Call Lesser Zombie Servant",SummonNecroPet,20.0,65535,0,-88.0,0,9402,9402
9403,"Call Zombie Servant",SummonNecroPet,20.0,65535,0,-88.0,0,9403,9403
9404,"Call Reanimated Servant",SummonNecroPet,20.0,65535,0,-88.0,0,9404,9404
9405,"Call Necroservant",SummonNecroPet,20.0,65535,0,-88.0,0,9405,9405
9406,"Call Greater Necroservant",SummonNecroPet,20.0,65535,0,-88.0,0,9406,9406
9407,"Call Abomination",SummonNecroPet,20.0,65535,0,-88.0,0,9407,9407
9421,"Strength of the Dead",PetSpell,3.0,1200,0,0.0,0,9421,9421
9422,"Tenacity of the Dead",PetSpell,3.0,1200,0,0.0,0,9422,9422
9423,"Fortitude of the Dead",PetSpell,3.0,1200,0,0.0,0,9423,9423
9424,"Brawn of the Dead",PetSpell,3.0,1200,0,0.0,0,9424,9424
9425,"Vigor of the Dead",PetSpell,3.0,1200,0,0.0,0,9425,9425
9426,"Fervor of the Dead",PetSpell,3.0,1200,0,0.0,0,9426,9426
9427,"Might of the Dead",PetSpell,3.0,1200,0,0.0,0,9427,9427
9461,"Regenerate Flesh",PetSpell,3.0,15,0,0.0,0,9461,9461
9462,"Regenerate Blood",PetSpell,3.0,15,0,0.0,0,9462,9462
9463,"Flesh of the Living",PetSpell,3.0,15,0,0.0,0,9463,9463
9464,"Regenerate Muscle",PetSpell,3.0,15,0,0.0,0,9464,9464
9465,"Incorporate the Living",PetSpell,3.0,15,0,0.0,0,9465,9465
9466,"Regenerate Body",PetSpell,3.0,15,0,0.0,0,9466,9466
9467,"Dead Flesh Living",PetSpell,3.0,15,0,0.0,0,9467,9467
9468,"Imbue the Abyss",PetSpell,3.0,15,0,0.0,0,9468,9468
9501,"Channeled Anger",PetSpell,0.0,0,0,31.0,15,9501,9501
9502,"Channeled Rage",PetSpell,0.0,0,0,46.0,15,9502,9502
9503,"Channeled Hatred",PetSpell,0.0,0,0,62.0,15,9503,9503
9504,"Channeled Ferocity",PetSpell,0.0,0,0,81.0,15,9504,9504
9505,"Channeled Savagery",PetSpell,0.0,0,0,108.0,15,9505,9505
9506,"Channeled Fury",PetSpell,0.0,0,0,137.0,15,9506,9506
9507,"Channeled Wrath",PetSpell,0.0,0,0,173.0,15,9507,9507
9508,"Channeled Frenzy",PetSpell,0.0,0,0,219.0,15,9508,9508
9511,"Cleaving Guardian",PetSpell,3.0,30,0,1.0,15,9511,9511
9512,"Blades of Wrath",PetSpell,3.0,30,0,2.6,15,9512,9512
9513,"Reaping Shield",PetSpell,3.0,30,0,3.0,15,9513,9513
9514,"Edge of Hatred",PetSpell,3.0,30,0,5.0,15,9514,9514
9515,"Eviscerating Protector",PetSpell,3.0,30,0,8.0,15,9515,9515
9516,"Knives of Death",PetSpell,3.0,30,0,11.0,15,9516,9516
9517,"Flaying Shield",PetSpell,3.0,30,0,15.0,15,9517,9517
9518,"Soul Sundering Aura",PetSpell,3.0,30,0,21.0,15,9518,9518
9521,"Develop the Servant",PetSpell,3.0,1200,0,0.0,0,9521,9521
9522,"Cultivate the Servant",PetSpell,3.0,1200,0,0.0,0,9522,9522
9523,"Instructing the Servant",PetSpell,3.0,1200,0,0.0,0,9523,9523
9524,"Refining the Servant",PetSpell,3.0,1200,0,0.0,0,9524,9524
9525,"Honing the Servant",PetSpell,3.0,1200,0,0.0,0,9525,9525
9526,"Disciplining the Servant",PetSpell,3.0,1200,0,0.0,0,9526,9526
9527,"Breaking the Servant",PetSpell,3.0,1200,0,0.0,0,9527,9527
9531,"Tormenting Cackle",PetSpell,3.0,0,0,4.0,15,9531,9531
9532,"Torturous Cackle",PetSpell,3.0,0,0,10.0,15,9532,9532
9533,"Afflicting Cackle",PetSpell,3.0,0,0,24.0,15,9533,9533
9534,"Distressing Cackle",PetSpell,3.0,0,0,38.0,15,9534,9534
9535,"Soulbreaking Cackle",PetSpell,3.0,0,0,52.0,15,9535,9535
9536,"Sorrowful Cackle",PetSpell,3.0,0,0,66.0,15,9536,9536
9537,"Discomforting Cackle",PetSpell,3.0,0,0,80.0,15,9537,9537
9538,"Despondent Cackle",PetSpell,3.0,0,0,100.0,15,9538,9538
9539,"Dejecting Cackle",PetSpell,3.0,0,0,117.0,15,9539,9539
9601,"Aura of Foreboding",ArmorAbsorptionDebuff,0.0,10,8,0.0,15,9601,9601
9602,"Aura of Darkness",ArmorAbsorptionDebuff,0.0,10,8,0.0,15,9602,9602
9603,"Aura of Destiny",ArmorAbsorptionDebuff,0.0,10,8,0.0,15,9603,9603
9604,"Aura of Fate",ArmorAbsorptionDebuff,0.0,10,8,0.0,15,9604,9604
9605,"Aura of Death",ArmorAbsorptionDebuff,0.0,10,8,0.0,15,9605,9605
9606,"Aura of the Inevitable",ArmorAbsorptionDebuff,0.0,10,8,0.0,15,9606,9606
9611,"Vigor Siphon",Lifedrain,0.0,0,30,4.0,15,9611,9611
9612,"Puissance Siphon",Lifedrain,0.0,0,30,12.0,15,9612,9612
9613,"Energy Siphon",Lifedrain,0.0,0,30,24.0,15,9613,9613
9614,"Health Siphon",Lifedrain,0.0,0,30,35.0,15,9614,9614
9615,"Vitality Siphon",Lifedrain,0.0,0,30,52.0,15,9615,9615
9616,"Essence Siphon",Lifedrain,0.0,0,30,69.0,15,9616,9616
9617,"Spirit Siphon",Lifedrain,0.0,0,30,83.0,15,9617,9617
9618,"Life Siphon",Lifedrain,0.0,0,30,106.0,15,9618,9618
9619,"Soul Siphon",Lifedrain,0.0,0,30,128.0,15,9619,9619
9621,"Obligation to Arawn",OffensiveProc,3.0,1200,0,0.0,15,9621,9621
9622,"Payment to Arawn",OffensiveProc,3.0,1200,0,0.0,15,9622,9622
9623,"Reparation to Arawn",OffensiveProc,3.0,1200,0,0.0,15,9623,9623
9624,"Credit to Arawn",OffensiveProc,3.0,1200,0,0.0,15,9624,9624
9625,"Restitution to Arawn",OffensiveProc,3.0,1200,0,0.0,15,9625,9625
9626,"Debt to Arawn",OffensiveProc,3.0,1200,0,0.0,15,9626,9626
9631,"Arthritic Curse",MeleeDamageDebuff,0.0,10,8,0.0,15,9631,9631
9632,"Crippling Curse",MeleeDamageDebuff,0.0,10,8,0.0,15,9632,9632
9633,"Paralyzing Curse",MeleeDamageDebuff,0.0,10,8,0.0,15,9633,9633
9634,"Cramping Curse",MeleeDamageDebuff,0.0,10,8,0.0,15,9634,9634
9635,"Shackling Curse",MeleeDamageDebuff,0.0,10,8,0.0,15,9635,9635
9636,"Confining Curse",MeleeDamageDebuff,0.0,10,8,0.0,15,9636,9636
9637,"Aching Curse",MeleeDamageDebuff,0.0,10,8,0.0,15,9637,9637
9641,"Bashing Aura",DirectDamage,0.0,0,8,3.0,15,9641,9641
9642,"Wracking Aura",DirectDamage,0.0,0,8,6.0,15,9642,9642
9643,"Annullling Aura",DirectDamage,0.0,0,8,10.0,15,9643,9643
9644,"Crushing Aura",DirectDamage,0.0,0,8,13.0,15,9644,9644
9645,"Demolishing Aura",DirectDamage,0.0,0,8,19.0,15,9645,9645
9646,"Eradicating Aura",DirectDamage,0.0,0,8,24.0,15,9646,9646
9647,"Decimating Aura",DirectDamage,0.0,0,8,29.0,15,9647,9647
9648,"Shattering Aura",DirectDamage,0.0,0,8,35.0,15,9648,9648
9649,"Murder Aura",DirectDamage,0.0,0,8,43.0,15,9649,9649
9651,"Surge of Infliction",DamageAdd,0.0,30,150,2.4,15,9651,9651
9652,"Surge of Destruction",DamageAdd,0.0,30,150,4.0,15,9652,9652
9653,"Surge of Mutilation",DamageAdd,0.0,30,150,5.8,15,9653,9653
9654,"Surge of Maiming",DamageAdd,0.0,30,150,8.1,15,9654,9654
9655,"Surge of Ruin",DamageAdd,0.0,30,150,10.3,15,9655,9655
9656,"Surge of Wrecking",DamageAdd,0.0,30,150,12.6,15,9656,9656
9657,"Surge of Cataclysm",DamageAdd,0.0,30,150,15.0,15,9657,9657
9661,"Obligation to Arawn Proc",Lifedrain,0.0,0,0,4.0,15,9661,9661
9662,"Payment to Arawn Proc",Lifedrain,0.0,0,0,7.0,15,9662,9662
9663,"Reparation to Arawn Proc",Lifedrain,0.0,0,0,12.0,15,9663,9663
9664,"Credit to Arawn Proc",Lifedrain,0.0,0,0,21.0,15,9664,9664
9665,"Restitution to Arawn Proc",Lifedrain,0.0,0,0,27.0,15,9665,9665
9666,"Debt to Arawn Proc",Lifedrain,0.0,0,0,41.0,15,9666,9666
9668,"Spirit Wrench",DamageOverTime,0.0,24,30,2.0,15,9668,9668
9669,"Spirit Ill",DamageOverTime,0.0,24,30,5.0,15,9669,9669
9670,"Spirit Rot",DamageOverTime,0.0,24,30,7.0,15,9670,9670
9671,"Spirit Decay",DamageOverTime,0.0,24,30,10.0,15,9671,9671
9672,"Soul Toxin",DamageOverTime,0.0,24,30,12.0,15,9672,9672
9673,"Soul Blight",DamageOverTime,0.0,24,30,14.0,15,9673,9673
9674,"Soul Venom",DamageOverTime,0.0,24,30,17.0,15,9674,9674
9675,"Soul Poison",DamageOverTime,0.0,24,30,20.0,15,9675,9675
9676,"Soul Bane",DamageOverTime,0.0,24,30,23.0,15,9676,9676
9800,"Fire Wind",OffensiveProc,0.0,0,0,37.4,13,304,304
9801,"Fungal Solvent",DamageOverTime,3.0,24,30,19.0,10,3404,3404
9802,"Major Ethereal Detonation",DirectDamage,2.6,0,10,64.0,11,4506,4506
9803,"Prismatic Flash",Stun,2.5,5,45,0.0,13,4122,4122
9805,"Insidious Rapture",DirectDamage,2.8,0,10,209.0,13,4269,4269
10001,"Summon Bonemage",SummonMinion,6.0,65535,0,-75.0,2,10001,10001
10002,"Summon Bonecaster",SummonMinion,6.0,65535,0,-75.0,2,10002,10002
10003,"Summon Bone Shaman",SummonMinion,6.0,65535,0,-75.0,2,10003,10003
10004,"Summon Bone Warlock",SummonMinion,6.0,65535,0,-75.0,2,10004,10004
10005,"Summon Bone Diviner",SummonMinion,6.0,65535,0,-75.0,2,10005,10005
10006,"Summon Bone Warmage",SummonMinion,6.0,65535,0,-75.0,2,10006,10006
10011,"Summon Bonebreaker",SummonMinion,6.0,65535,0,-75.0,3,10011,10011
10012,"Summon Bonejinxer",SummonMinion,6.0,65535,0,-75.0,3,10012,10012
10013,"Summon Bonecurser",SummonMinion,6.0,65535,0,-75.0,3,10013,10013
10014,"Summon Bonebeguiler",SummonMinion,6.0,65535,0,-75.0,3,10014,10014
10015,"Summon Bonebewitcher",SummonMinion,6.0,65535,0,-75.0,3,10015,10015
10016,"Summon Bonehexer",SummonMinion,6.0,65535,0,-75.0,3,10016,10016
10021,"Compress Skeleton",DamageSpeedDecrease,3.0,30,0,5.0,11,10021,10021
10022,"Compact Skeleton",DamageSpeedDecrease,3.0,30,0,21.0,11,10022,10022
10023,"Stiffen Skeleton",DamageSpeedDecrease,3.0,30,0,37.0,11,10023,10023
10024,"Solidify Skeleton",DamageSpeedDecrease,3.0,30,0,49.0,11,10024,10024
10025,"Condense Skeleton",DamageSpeedDecrease,3.0,30,0,64.0,11,10025,10025
10026,"Calcify Skeleton",DamageSpeedDecrease,3.0,30,0,85.0,11,10026,10026
10027,"Petrify Skeleton",DamageSpeedDecrease,3.0,30,0,116.0,11,10027,10027
10028,"Ossify Skeleton",DamageSpeedDecrease,3.0,30,0,148.0,11,10028,10028
10029,"Crystallize Skeleton",DamageSpeedDecrease,3.0,30,0,179.0,11,10029,10029
10031,"Boost Bonecaster",BodyResistDebuff,0.0,15,5,0.0,10,10031,10031
10032,"Support Bonecaster",BodyResistDebuff,0.0,15,5,0.0,10,10032,10032
10033,"Bolster Bonecaster",BodyResistDebuff,0.0,15,5,0.0,10,10033,10033
10041,"Strengthen Pack",StrengthConstitutionBuff,3.0,1200,0,0.0,0,10041,10041
10042,"Strengthen Squad",StrengthConstitutionBuff,3.0,1200,0,0.0,0,10042,10042
10043,"Strengthen Cohort",StrengthConstitutionBuff,3.0,1200,0,0.0,0,10043,10043
10044,"Strengthen Battalion",StrengthConstitutionBuff,3.0,1200,0,0.0,0,10044,10044
10045,"Strengthen Company",StrengthConstitutionBuff,3.0,1200,0,0.0,0,10045,10045
10046,"Strengthen Army",StrengthConstitutionBuff,3.0,1200,0,0.0,0,10046,10046
10047,"Strengthen Horde",StrengthConstitutionBuff,3.0,1200,0,0.0,0,10047,10047
10051,"Summon Bone Patroller",SummonMinion,6.0,65535,0,-75.0,4,10051,10051
10052,"Summon Bone Sentry",SummonMinion,6.0,65535,0,-75.0,4,10052,10052
10053,"Summon Bone Bouncer",SummonMinion,6.0,65535,0,-75.0,4,10053,10053
10054,"Summon Bone Defender",SummonMinion,6.0,65535,0,-75.0,4,10054,10054
10055,"Summon Bone Watchman",SummonMinion,6.0,65535,0,-75.0,4,10055,10055
10056,"Summon Bone Guard",SummonMinion,6.0,65535,0,-75.0,4,10056,10056
10061,"Summon Bonepatcher",SummonMinion,6.0,65535,0,-75.0,1,10061,10061
10062,"Summon Bonefixer",SummonMinion,6.0,65535,0,-75.0,1,10062,10062
10063,"Summon Bonebuilder",SummonMinion,6.0,65535,0,-75.0,1,10063,10063
10064,"Summon Bonehealer",SummonMinion,6.0,65535,0,-75.0,1,10064,10064
10065,"Summon Boneknitter",SummonMinion,6.0,65535,0,-75.0,1,10065,10065
10066,"Summon Bonemender",SummonMinion,6.0,65535,0,-75.0,1,10066,10066
10067,"Strengthen Bones",ArmorAbsorptionBuff,3.0,600,0,0.0,0,10067,10067
10068,"Augment Bones",ArmorAbsorptionBuff,3.0,600,0,0.0,0,10068,10068
10069,"Bolster Bones",ArmorAbsorptionBuff,3.0,600,0,0.0,0,10069,10069
10071,"Collapse Skeleton",Lifedrain,0.0,0,4,4.0,10,10071,10071
10072,"Crumble Skeleton",Lifedrain,0.0,0,4,7.0,10,10072,10072
10073,"Dissolve Skeleton",Lifedrain,0.0,0,4,12.0,10,10073,10073
10074,"Break Skeleton",Lifedrain,0.0,0,4,18.0,10,10074,10074
10075,"Crush Skeleton",Lifedrain,0.0,0,4,27.0,10,10075,10075
10076,"Grind Skeleton",Lifedrain,0.0,0,4,35.0,10,10076,10076
10077,"Crumple Skeleton",Lifedrain,0.0,0,4,46.0,10,10077,10077
10078,"Crunch Skeleton",Lifedrain,0.0,0,4,58.0,10,10078,10078
10079,"Powder Skeleton",Lifedrain,0.0,0,4,77.0,10,10079,10079
10080,"Disintegrate Skeleton",Lifedrain,0.0,0,4,97.0,10,10080,10080
10081,"Pulverize Skeleton",Lifedrain,0.0,0,4,123.0,10,10081,10081
10082,"Shroud of Doubt",SpeedDecrease,3.0,5,0,0.0,10,10082,10082
10083,"Shroud of Fear",SpeedDecrease,3.0,5,0,0.0,10,10083,10083
10084,"Shroud of Despair",SpeedDecrease,3.0,5,0,0.0,10,10084,10084
10085,"Shroud of Cowardice",SpeedDecrease,3.0,5,0,0.0,10,10085,10085
10086,"Shroud of Dread",SpeedDecrease,3.0,5,0,0.0,10,10086,10086
10087,"Bone Skin",AblativeArmor,3.0,1200,0,30.0,10,10087,10087
10088,"Bone Case",AblativeArmor,3.0,1200,0,30.0,10,10088,10088
10089,"Bone Cover",AblativeArmor,3.0,1200,0,30.0,10,10089,10089
10090,"Bone Shell",AblativeArmor,3.0,1200,0,30.0,10,10090,10090
10091,"Bone Carapace",AblativeArmor,3.0,1200,0,30.0,10,10091,10091
10092,"Bone Husk",AblativeArmor,3.0,1200,0,30.0,10,10092,10092
10101,"Summon Bone Boss",SummonCommander,6.0,65535,0,-80.0,0,10101,10101
10102,"Summon Bone Chieftan",SummonCommander,6.0,65535,0,-80.0,0,10102,10102
10103,"Summon Bone Commander",SummonCommander,6.0,65535,0,-80.0,0,10103,10103
10104,"Summon Bone Master",SummonCommander,6.0,65535,0,-82.0,0,10104,10104
10105,"Summon Bone Magus",SummonCommander,6.0,65535,0,-82.0,0,10104,10104
10111,"Lesser Bones to Grit",DamageOverTime,3.0,20,0,4.0,14,10111,10111
10112,"Bones to Grit",DamageOverTime,3.0,20,0,6.0,14,10112,10112
10113,"Lesser Bones to Dirt",DamageOverTime,3.0,20,0,9.0,14,10113,10113
10114,"Bones to Dirt",DamageOverTime,3.0,20,0,13.0,14,10114,10114
10115,"Lesser Bones to Silt",DamageOverTime,3.0,20,0,16.0,14,10115,10115
10116,"Bones to Silt",DamageOverTime,3.0,20,0,21.0,14,10116,10116
10117,"Lesser Bones to Dust",DamageOverTime,3.0,20,0,27.0,14,10117,10117
10118,"Bones to Dust",DamageOverTime,3.0,20,0,34.0,14,10118,10118
10119,"Lesser Bones to Powder",DamageOverTime,3.0,20,0,41.0,14,10119,10119
10120,"Bones to Powder",DamageOverTime,3.0,20,0,47.0,14,10120,10120
10121,"Lesser Bones to Ash",DamageOverTime,3.0,20,0,52.0,14,10121,10121
10122,"Bones to Ash",DamageOverTime,3.0,20,0,54.0,14,10122,10122
10131,"Bones to Iron",Heal,3.0,0,0,0.0,0,10131,10131
10132,"Rigid Bones",Heal,3.0,0,0,0.0,0,10132,10132
10133,"Adamant Bones",Heal,3.0,0,0,0.0,0,10133,10133
10134,"Thicken Bones",Heal,3.0,0,0,0.0,0,10134,10134
10135,"Build Bones",Heal,3.0,0,0,0.0,0,10135,10135
10136,"Develop Bones",Heal,3.0,0,0,0.0,0,10136,10136
10137,"Bolster Bones",Heal,3.0,0,0,0.0,0,10137,10137
10138,"Inure Bones",Heal,3.0,0,0,0.0,0,10138,10138
10140,"Armor of Bone",Bladeturn,4.0,1200,0,0.0,0,10140,10140
10141,"Free Spirits",CureMezz,2.0,0,0,0.0,0,10141,10141
10151,"Summon Bone Dart",SummonMinion,6.0,65535,0,-75.0,5,10151,10151
10152,"Summon Bone Arrow",SummonMinion,6.0,65535,0,-75.0,5,10152,10152
10153,"Summon Bone Archer",SummonMinion,6.0,65535,0,-75.0,5,10153,10153
10154,"Summon Bone Bolt",SummonMinion,6.0,65535,0,-75.0,5,10154,10154
10155,"Summon Bone Hunter",SummonMinion,6.0,65535,0,-75.0,5,10155,10155
10156,"Summon Bone Deadeye",SummonMinion,6.0,65535,0,-75.0,5,10156,10156
10161,"Summon Bonesmasher",SummonMinion,6.0,65535,0,-75.0,0,10161,10161
10162,"Summon Bonecrusher",SummonMinion,6.0,65535,0,-75.0,0,10162,10162
10163,"Summon Bonecracker",SummonMinion,6.0,65535,0,-75.0,0,10163,10163
10164,"Summon Boneslammer",SummonMinion,6.0,65535,0,-75.0,0,10164,10164
10165,"Summon Boneburster",SummonMinion,6.0,65535,0,-75.0,0,10165,10165
10166,"Summon Bonerazer",SummonMinion,6.0,65535,0,-75.0,0,10166,10166
10171,"Soften Bones",DamageOverTime,3.0,24,0,2.0,14,10171,10171
10172,"Disperse Bones",DamageOverTime,3.0,24,0,6.0,14,10172,10172
10173,"Liquify Bones",DamageOverTime,3.0,24,0,9.0,14,10173,10173
10174,"Melt Bones",DamageOverTime,3.0,24,0,13.0,14,10174,10174
10175,"Render Bones",DamageOverTime,3.0,24,0,16.0,14,10175,10175
10176,"Bones to Blood",DamageOverTime,3.0,24,0,21.0,14,10176,10176
10177,"Soften Skeleton",DamageOverTime,3.0,24,0,26.0,14,10177,10177
10178,"Disperse Skeleton",DamageOverTime,3.0,24,0,33.0,14,10178,10178
10179,"Liquify Skeleton",DamageOverTime,3.0,24,0,40.0,14,10179,10179
10180,"Melt Skeleton",DamageOverTime,3.0,24,0,46.0,14,10180,10180
10181,"Render Skeleton",DamageOverTime,3.0,24,0,52.0,14,10181,10181
10182,"Skeleton to Blood",DamageOverTime,3.0,24,0,55.0,14,10182,10182
10183,"Cloud of Rot",DamageOverTime,3.0,24,0,21.0,14,10183,10183
10184,"Cloud of Decay",DamageOverTime,3.0,24,0,28.0,14,10184,10184
10185,"Cloud of Deterioration",DamageOverTime,3.0,24,0,34.0,14,10185,10185
10186,"Cloud of Decomposition",DamageOverTime,3.0,24,0,41.0,14,10186,10186
10187,"Cloud of Dessication",DamageOverTime,3.0,24,0,51.0,14,10187,10187
10191,"Hasten Pack",DexterityQuicknessBuff,3.0,1200,0,0.0,0,10191,10191
10192,"Hasten Squad",DexterityQuicknessBuff,3.0,1200,0,0.0,0,10192,10192
10193,"Hasten Group",DexterityQuicknessBuff,3.0,1200,0,0.0,0,10193,10193
10194,"Hasten Cohort",DexterityQuicknessBuff,3.0,1200,0,0.0,0,10194,10194
10195,"Hasten Battallion",DexterityQuicknessBuff,3.0,1200,0,0.0,0,10195,10195
10196,"Hasten Company",DexterityQuicknessBuff,3.0,1200,0,0.0,0,10196,10196
10197,"Hasten Army",DexterityQuicknessBuff,3.0,1200,0,0.0,0,10197,10197
10198,"Hasten Horde",DexterityQuicknessBuff,3.0,1200,0,0.0,0,10198,10198
10200,"Bone Spurs",DamageAdd,3.0,1200,0,1.6,14,10200,10200
10201,"Bone Shanks",DamageAdd,3.0,1200,0,3.1,14,10201,10201
10202,"Bone Edges",DamageAdd,3.0,1200,0,4.4,14,10202,10202
10203,"Bone Spikes",DamageAdd,3.0,1200,0,5.6,14,10203,10203
10204,"Bone Daggers",DamageAdd,3.0,1200,0,7.3,14,10204,10204
10205,"Bone Knives",DamageAdd,3.0,1200,0,9.2,14,10205,10205
10206,"Bone Blades",DamageAdd,3.0,1200,0,11.3,14,10205,10205
10301,"Bonebreaker Deceleration",CombatSpeedDebuff,0.0,20,0,0.0,10,10301,721
10302,"Bonebreaker Disease",Disease,2.0,60,0,0.0,10,10302,3425
10304,"Shards of Bone",DamageShield,2.0,1200,0,15.0,10,10304,11023
10305,Bladeturn,Bladeturn,1.0,600,0,0.0,0,531,531
10306,"Bogdar's Boon",CombatSpeedBuff,2.5,600,0,0.0,0,10306,866
10308,"Renew Flesh",HealthRegenBuff,4.0,600,0,0.0,0,10308,10308
10497,"Kelgor's Bane",SavageStyleParryBuff,0.0,15,0,0.0,0,0,10497
10498,"Kelgor's Claw",SavageStyleEvadeBuff,0.0,15,0,0.0,0,0,10498
10499,"Tribal Wrath",SavageStyleParryBuff,0.0,15,0,0.0,0,0,10499
10501,"Nails of Kelgor",SavageParryBuff,0.0,15,5,0.0,0,10501,10501
10502,"Hooks of Kelgor",SavageParryBuff,0.0,15,5,0.0,0,10502,10502
10503,"Barbs of Kelgor",SavageParryBuff,0.0,15,5,0.0,0,10503,10503
10504,"Claws of Kelgor",SavageParryBuff,0.0,15,5,0.0,0,10504,10504
10505,"Talons of Kelgor",SavageParryBuff,0.0,15,5,0.0,0,10505,10505
10506,"Fangs of Kelgor",SavageParryBuff,0.0,15,5,0.0,0,10506,10506
10507,"Swiftness of Kelgor",SavageEvadeBuff,0.0,15,5,0.0,0,10507,10507
10508,"Alacrity of Kelgor",SavageEvadeBuff,0.0,15,5,0.0,0,10508,10508
10509,"Speed of Kelgor",SavageEvadeBuff,0.0,15,5,0.0,0,10509,10509
10510,"Fleetness of Kelgor",SavageEvadeBuff,0.0,15,5,0.0,0,10510,10510
10511,"Quickness of Kelgor",SavageEvadeBuff,0.0,15,5,0.0,0,10511,10511
10512,"Evasion of Kelgor",SavageEvadeBuff,0.0,15,5,0.0,0,10512,10512
10513,"Deflect Blows",SavageCrushResistanceBuff,0.0,15,5,0.0,0,10513,10513
10514,"Bear Blows",SavageCrushResistanceBuff,0.0,15,5,0.0,0,10514,10514
10515,"Withstand Blows",SavageCrushResistanceBuff,0.0,15,5,0.0,0,10515,10515
10516,"Endure Blows",SavageCrushResistanceBuff,0.0,15,5,0.0,0,10516,10516
10517,"Weather Blows",SavageCrushResistanceBuff,0.0,15,5,0.0,0,10517,10517
10518,"Ignore Blows",SavageCrushResistanceBuff,0.0,15,5,0.0,0,10518,10518
10519,"Deflect Lacerations",SavageSlashResistanceBuff,0.0,15,5,0.0,0,10519,10519
10520,"Bear Lacerations",SavageSlashResistanceBuff,0.0,15,5,0.0,0,10520,10520
10521,"Withstand Lacerations",SavageSlashResistanceBuff,0.0,15,5,0.0,0,10521,10521
10522,"Endure Lacerations",SavageSlashResistanceBuff,0.0,15,5,0.0,0,10522,10522
10523,"Weather Lacerations",SavageSlashResistanceBuff,0.0,15,5,0.0,0,10523,10523
10524,"Ignore Lacerations",SavageSlashResistanceBuff,0.0,15,5,0.0,0,10524,10524
10525,"Deflect Punctures",SavageThrustResistanceBuff,0.0,15,5,0.0,0,10525,10525
10526,"Bear Punctures",SavageThrustResistanceBuff,0.0,15,5,0.0,0,10526,10526
10527,"Withstand Punctures",SavageThrustResistanceBuff,0.0,15,5,0.0,0,10527,10527
10528,"Endure Punctures",SavageThrustResistanceBuff,0.0,15,5,0.0,0,10528,10528
10529,"Weather Punctures",SavageThrustResistanceBuff,0.0,15,5,0.0,0,10529,10529
10530,"Ignore Punctures",SavageThrustResistanceBuff,0.0,15,5,0.0,0,10530,10530
10531,"Passion of Kelgor",SavageCombatSpeedBuff,0.0,15,5,0.0,0,10531,10531
10532,"Drive of Kelgor",SavageCombatSpeedBuff,0.0,15,5,0.0,0,10532,10532
10533,"Mania of Kelgor",SavageCombatSpeedBuff,0.0,15,5,0.0,0,10533,10533
10534,"Fervor of Kelgor",SavageCombatSpeedBuff,0.0,15,5,0.0,0,10534,10534
10535,"Zeal of Kelgor",SavageCombatSpeedBuff,0.0,15,5,0.0,0,10535,10535
10536,"Brutal Blows",SavageDPSBuff,0.0,15,5,0.0,0,10536,10536
10537,"Fierce Blows",SavageDPSBuff,0.0,15,5,0.0,0,10537,10537
10538,"Relentless Blows",SavageDPSBuff,0.0,15,5,0.0,0,10538,10538
10539,"Feral Blows",SavageDPSBuff,0.0,15,5,0.0,0,10539,10539
10540,"Bestial Blows",SavageDPSBuff,0.0,15,5,0.0,0,10540,10540
10541,"Savage Blows",SavageDPSBuff,0.0,15,5,0.0,0,10541,10541
10542,"Kelgor's Gift",SavageEnduranceHeal,0.0,0,5,0.0,0,10542,10542
10543,"Kelgor's Boon",SavageEnduranceHeal,0.0,0,5,0.0,0,10543,10543
10544,"Kelgor's Reward",SavageEnduranceHeal,0.0,0,5,0.0,0,10544,10544
10545,"Irreverant Gesture",Taunt,2.0,0,0,0.0,10,10545,10545
10546,"Insulting Gesture",Taunt,2.0,0,0,0.0,10,10546,10546
10547,"Rude Gesture",Taunt,2.0,0,0,0.0,10,10547,10547
10548,"Infurating Gesture",Taunt,2.0,0,0,0.0,10,10548,10548
11001,"Grove's Protection",BaseArmorFactorBuff,3.0,1200,0,0.0,0,11001,11001
11002,"Grove's Buffer",BaseArmorFactorBuff,3.0,1200,0,0.0,0,11002,11002
11003,"Grove's Defense",BaseArmorFactorBuff,3.0,1200,0,0.0,0,11003,11003
11004,"Grove's Guard",BaseArmorFactorBuff,3.0,1200,0,0.0,0,11004,11004
11005,"Grove's Shield",BaseArmorFactorBuff,3.0,1200,0,0.0,0,11005,11005
11006,"Grove's Refuge",BaseArmorFactorBuff,3.0,1200,0,0.0,0,11006,11006
11007,"Grove's Armor",BaseArmorFactorBuff,3.0,1200,0,0.0,0,11007,11007
11008,"Grove's Ward",BaseArmorFactorBuff,3.0,1200,0,0.0,0,11008,11008
11009,"Grove's Sanctuary",BaseArmorFactorBuff,3.0,1200,0,0.0,0,11009,11009
11010,"Grove's Aegis",BaseArmorFactorBuff,3.0,1200,0,0.0,0,11010,11010
11011,"Threshing the Chaff",Lifedrain,2.5,0,0,9.0,12,11011,11011
11012,"Natural Selection",Lifedrain,2.5,0,0,17.0,12,11012,11012
11013,"Culling the Weak",Lifedrain,2.5,0,0,25.0,12,11013,11013
11014,"Survival of the Fittest",Lifedrain,2.5,0,0,33.0,12,11014,11014
11015,"Strength of the Defender",Lifedrain,2.5,0,0,45.0,12,11015,11015
11016,"Right of Life",Lifedrain,2.5,0,0,61.0,12,11016,11016
11017,"Enemy's Debt",Lifedrain,2.5,0,0,80.0,12,11017,11017
11018,"Force of Nature",Lifedrain,2.5,0,0,104.0,12,11018,11018
11019,"Cycle of Life",Lifedrain,2.5,0,0,128.0,12,11019,11019
11020,"Cycle of Death",Lifedrain,2.5,0,0,164.0,12,11020,11020
11021,"Thorns of Retribution",DamageShield,4.0,1200,0,1.2,12,11021,11021
11022,"Grove's Anguish",DamageShield,4.0,1200,0,1.5,12,11022,11022
11023,"Wood's Vengeance",DamageShield,4.0,1200,0,1.9,12,11023,11023
11024,"Forest's Revenge",DamageShield,4.0,1200,0,2.5,12,11024,11024
11025,"Earthspirit's Ire",DamageShield,4.0,1200,0,3.3,12,11025,11025
11026,"Nature's Retaliation",DamageShield,4.0,1200,0,4.1,12,11026,11026
11027,"Nature's Heart of Wrath",DamageShield,4.0,1200,0,4.9,12,11027,11027
11101,"Spirit of Anger",DirectDamage,0.0,0,0,5.0,10,11130,11101
11102,"Spirit of Ire",DirectDamage,0.0,0,0,16.0,10,11131,11102
11103,"Spirit of Outrage",DirectDamage,0.0,0,0,31.0,10,11132,11103
11104,"Spirit of Aggravation",DirectDamage,0.0,0,0,41.0,10,11133,11104
11105,"Spirit of Enmity",DirectDamage,0.0,0,0,56.0,10,11134,11105
11106,"Spirit of Rage",DirectDamage,0.0,0,0,77.0,10,11135,11106
11107,"Spirit of Wrath",DirectDamage,0.0,0,0,102.0,10,11136,11107
11108,"Spirit of Fury",DirectDamage,0.0,0,0,137.0,10,11137,11108
11109,"Spirit of Vengeance",DirectDamage,0.0,0,0,183.0,10,11138,11109
11110,"Spirit of Hatred",DirectDamage,0.0,0,0,225.0,10,11139,11110
11111,"Circle of Anger",DirectDamage,0.0,0,0,51.0,10,11140,11111
11112,"Circle of Enmity",DirectDamage,0.0,0,0,72.0,10,11141,11112
11113,"Circle of Fury",DirectDamage,0.0,0,0,99.0,10,11142,11113
11114,"Circle of Wrath",DirectDamage,0.0,0,0,123.0,10,11143,11114
11115,"Circle of Rage",DirectDamage,0.0,0,0,151.0,10,11144,11115
11116,"Circle of Vengeance",DirectDamage,0.0,0,0,178.0,10,11145,11116
11117,"Tangler Sapling",SpeedDecrease,2.5,14,0,0.0,10,11146,11117
11118,"Tangler Youngling",SpeedDecrease,2.5,34,0,0.0,10,11147,11118
11119,"Tangler Youth",SpeedDecrease,2.5,45,0,0.0,10,11148,11119
11120,Tangler,SpeedDecrease,2.5,55,0,0.0,10,11149,11120
11121,"Aged Tangler",SpeedDecrease,2.5,65,0,0.0,10,11150,11121
11122,"Elder Tangler",SpeedDecrease,2.5,73,0,0.0,10,11151,11122
11123,"Forest's Servant",SummonAnimistPet,5.0,65535,0,-88.0,0,11123,11123
11124,"Forest's Companion",SummonAnimistPet,5.0,65535,0,-88.0,0,11124,11124
11125,"Forest's Compatriot",SummonAnimistPet,5.0,65535,0,-88.0,0,11125,11125
11126,"Forest's Aid",SummonAnimistPet,5.0,65535,0,-88.0,0,11126,11126
11127,"Forest's Sentry",SummonAnimistPet,5.0,65535,0,-88.0,0,11127,11127
11128,"Forest's Bulwark",SummonAnimistPet,5.0,65535,0,-88.0,0,11128,11128
11129,"Forest's Protector",SummonAnimistPet,5.0,65535,0,-88.0,0,11129,11129
11130,"Spirit of Anger",Bomber,3.0,20,0,50.0,10,11130,11101
11131,"Spirit of Ire",Bomber,3.0,20,0,50.0,10,11131,11102
11132,"Spirit of Outrage",Bomber,3.0,20,0,50.0,10,11132,11103
11133,"Spirit of Aggravation",Bomber,3.0,20,0,50.0,10,11133,11104
11134,"Spirit of Enmity",Bomber,3.0,20,0,50.0,10,11134,11105
11135,"Spirit of Rage",Bomber,3.0,20,0,50.0,10,11135,11106
11136,"Spirit of Wrath",Bomber,3.0,20,0,50.0,10,11136,11107
11137,"Spirit of Fury",Bomber,3.0,20,0,50.0,10,11137,11108
11138,"Spirit of Vengeance",Bomber,3.0,20,0,50.0,10,11138,11109
11139,"Spirit of Hatred",Bomber,3.0,20,0,50.0,10,11139,11110
11140,"Circle of Anger",Bomber,3.0,20,0,50.0,10,11140,11111
11141,"Circle of Enmity",Bomber,3.0,20,0,50.0,10,11141,11112
11142,"Circle of Fury",Bomber,3.0,20,0,50.0,10,11142,11113
11143,"Circle of Wrath",Bomber,3.0,20,0,50.0,10,11143,11114
11144,"Circle of Rage",Bomber,3.0,20,0,50.0,10,11144,11115
11145,"Circle of Vengeance",Bomber,3.0,20,0,50.0,10,11145,11116
11146,"Tangler Sapling",SummonAnimistFnF,5.0,120,0,-88.0,10,11146,11117
11147,"Tangler Youngling",SummonAnimistFnF,5.0,120,0,-88.0,10,11147,11118
11148,"Tangler Youth",SummonAnimistFnF,5.0,120,0,-88.0,10,11148,11119
11149,Tangler,SummonAnimistFnF,5.0,120,0,-88.0,10,11149,11120
11150,"Aged Tangler",SummonAnimistFnF,5.0,120,0,-88.0,10,11150,11121
11151,"Elder Tangler",SummonAnimistFnF,5.0,120,0,-88.0,10,11151,11122
11152,"Forest's Servant",DirectDamage,3.0,0,0,26.0,10,11123,11123
11153,"Forest's Companion",DirectDamage,3.0,0,0,46.0,10,11124,11124
11154,"Forest's Compatriot",DirectDamage,3.0,0,0,51.0,10,11125,11125
11155,"Forest's Aid",DirectDamage,3.0,0,0,87.0,10,11126,11126
11156,"Forest's Sentry",DirectDamage,3.0,0,0,112.0,10,11127,11127
11157,"Forest's Bulwark",DirectDamage,3.0,0,0,163.0,10,11128,11128
11158,"Forest's Protector",DirectDamage,3.0,0,0,204.0,10,11129,11129
11201,"Close Path",SpeedDecrease,0.0,7,20,0.0,14,11201,11201
11202,"Hide Path",SpeedDecrease,0.0,17,20,0.0,14,11202,11202
11203,"Conceal Path",SpeedDecrease,0.0,20,20,0.0,14,11203,11203
11204,"Obscure Path",SpeedDecrease,0.0,28,20,0.0,14,11204,11204
11205,"Disguise Path",SpeedDecrease,0.0,35,20,0.0,14,11205,11205
11206,"Veil Path",SpeedDecrease,0.0,49,20,0.0,14,11206,11206
11207,"Darken Path",SpeedDecrease,0.0,56,20,0.0,14,11207,11207
11208,"Mask Path",SpeedDecrease,0.0,70,20,0.0,14,11208,11208
11209,"Nature's Nausea",DamageOverTime,0.0,24,30,2.0,14,11209,11209
11210,"Nature's Ill",DamageOverTime,0.0,24,30,5.0,14,11210,11210
11211,"Nature's Rot",DamageOverTime,0.0,24,30,7.0,14,11211,11211
11212,"Nature's Decay",DamageOverTime,0.0,24,30,10.0,14,11212,11212
11213,"Nature's Toxin",DamageOverTime,0.0,24,30,12.0,14,11213,11213
11214,"Nature's Blight",DamageOverTime,0.0,24,30,14.0,14,11214,11214
11215,"Nature's Venom",DamageOverTime,0.0,24,30,17.0,14,11215,11215
11216,"Nature's Poison",DamageOverTime,0.0,24,30,20.0,14,11216,11216
11217,"Nature's Bane",DamageOverTime,0.0,24,30,23.0,14,11217,11217
11218,"Speed of Kudzu",CombatSpeedBuff,0.0,30,120,0.0,0,11218,11218
11219,"Rushing Kudzu",CombatSpeedBuff,0.0,30,120,0.0,0,11219,11219
11220,"Alacrity of Kudzu",CombatSpeedBuff,0.0,30,120,0.0,0,11220,11220
11221,"Haste of Kudzu",CombatSpeedBuff,0.0,30,120,0.0,0,11221,11221
11222,"Pace of Kudzu",CombatSpeedBuff,0.0,30,120,0.0,0,11222,11222
11223,"Celerity of Kudzu",CombatSpeedBuff,0.0,30,120,0.0,0,11223,11223
11224,"Rampant Speed",CombatSpeedBuff,0.0,30,120,0.0,0,11224,11224
11225,"Moss Padding",ArmorAbsorptionBuff,3.0,1200,0,0.0,0,11225,11225
11226,"Moss Coat",ArmorAbsorptionBuff,3.0,1200,0,0.0,0,11226,11226
11227,"Moss Buffer",ArmorAbsorptionBuff,3.0,1200,0,0.0,0,11227,11227
11228,"Moss Cover",ArmorAbsorptionBuff,3.0,1200,0,0.0,0,11228,11228
11229,"Moss Wrap",ArmorAbsorptionBuff,3.0,1200,0,0.0,0,11229,11229
11230,"Moss Sheet",ArmorAbsorptionBuff,3.0,1200,0,0.0,0,11230,11230
11231,"Moss Cloak",ArmorAbsorptionBuff,3.0,1200,0,0.0,0,11231,11231
11232,Blightstrike,OffensiveProc,3.0,1200,0,0.0,0,11232,11232
11233,Banestrike,OffensiveProc,3.0,1200,0,0.0,0,11233,11233
11234,Rotstrike,OffensiveProc,3.0,1200,0,0.0,0,11234,11234
11235,Scourgestrike,OffensiveProc,3.0,1200,0,0.0,0,11235,11235
11236,Witherstrike,OffensiveProc,3.0,1200,0,0.0,0,11236,11236
11237,Barkcrust,DefensiveProc,3.0,1200,0,0.0,0,11237,11237
11238,Barkhusk,DefensiveProc,3.0,1200,0,0.0,0,11238,11238
11239,Barkcoat,DefensiveProc,3.0,1200,0,0.0,0,11239,11239
11240,Barksheath,DefensiveProc,3.0,1200,0,0.0,0,11240,11240
11241,Barkcase,DefensiveProc,3.0,1200,0,0.0,0,11241,11241
11242,Barkshell,DefensiveProc,3.0,1200,0,0.0,0,11242,11242
11243,"Blightstrike Proc",Disease,0.0,30,0,0.0,14,11243,11243
11244,"Banestrike Proc",Disease,0.0,30,0,0.0,14,11244,11244
11245,"Rotstrike Proc",Disease,0.0,30,0,0.0,14,11245,11245
11246,"Scourgestrike Proc",Disease,0.0,30,0,0.0,14,11246,11246
11247,"Witherstrike Proc",Disease,0.0,30,0,0.0,14,11247,11247
11248,"Barkcrust Proc",AblativeArmor,0.0,30,0,0.0,0,11248,11248
11249,"Barkhusk Proc",AblativeArmor,0.0,30,0,0.0,0,11249,11249
11250,"Barkcoat Proc",AblativeArmor,0.0,30,0,0.0,0,11250,11250
11251,"Barksheath Proc",AblativeArmor,0.0,30,0,0.0,0,11251,11251
11252,"Barkcase Proc",AblativeArmor,0.0,30,0,0.0,0,11252,11252
11253,"Barkshell Proc",AblativeArmor,0.0,30,0,0.0,0,11253,11253
11256,"Thorned Weapons",DamageAdd,3.0,1200,0,5.4,12,11256,11256
11257,"Bristled Weapons",DamageAdd,3.0,1200,0,6.4,12,11256,11256
11258,"Spurred Weapons",DamageAdd,3.0,1200,0,7.8,12,11257,11257
11301,"Sap Strength",ConstitutionDebuff,0.0,30,5,0.0,10,11301,11301
11302,"Bleed Strength",ConstitutionDebuff,0.0,30,5,0.0,10,11302,11302
11303,"Subvert Strength",ConstitutionDebuff,0.0,30,5,0.0,10,11303,11303
11304,"Exhaust Strength",ConstitutionDebuff,0.0,30,5,0.0,10,11304,11304
11305,"Sap Might",ConstitutionDebuff,0.0,30,5,0.0,10,11305,11305
11306,"Bleed Might",ConstitutionDebuff,0.0,30,5,0.0,10,11306,11306
11317,"Wisp Heat",Bomber,3.0,20,0,50.0,10,11341,11317
11318,"Wisp Glow",Bomber,3.0,20,0,50.0,10,11342,11318
11319,"Wisp Spark",Bomber,3.0,20,0,50.0,10,11343,11319
11320,"Wisp Fire",Bomber,3.0,20,0,50.0,10,11344,11320
11321,"Wisp Flame",Bomber,3.0,20,0,50.0,10,11345,11321
11322,"Wisp Blaze",Bomber,3.0,20,0,50.0,10,11346,11322
11323,"Wisp Flare",Bomber,3.0,20,0,50.0,10,11347,11323
11324,"Wisp Pyre",Bomber,3.0,20,0,50.0,10,11348,11324
11325,"Wisp Inferno",Bomber,3.0,20,0,50.0,10,11349,11325
11326,"Forest's Advocate",DirectDamage,3.0,0,0,21.0,10,11350,11326
11327,"Forest's Emissary",DirectDamage,3.0,0,0,37.0,10,11351,11327
11328,"Forest's Essence",DirectDamage,3.0,0,0,61.0,10,11352,11328
11329,"Forest's Spirit",DirectDamage,3.0,0,0,76.0,10,11353,11329
11330,"Forest's Heart",DirectDamage,3.0,0,0,104.0,10,11354,11330
11331,"Forest's Soul",DirectDamage,3.0,0,0,128.0,10,11355,11331
11332,"Forest's Incarnation",DirectDamage,3.0,0,0,155.0,10,11356,11332
11333,"Forest's Core",DirectDamage,3.0,0,0,179.0,10,11357,11333
11334,"Spreading Vines",Bomber,3.0,20,0,50.0,10,11334,11310
11335,"Ripening Vines",Bomber,3.0,20,0,50.0,10,11335,11311
11336,"Expanding Vines",Bomber,3.0,20,0,50.0,10,11336,11312
11337,"Branching Vines",Bomber,3.0,20,0,50.0,10,11337,11313
11338,"Growing Vines",Bomber,3.0,20,0,50.0,10,11338,11314
11339,"Shooting Vines",Bomber,3.0,20,0,50.0,10,11339,11315
11340,"Rampant Vines",Bomber,3.0,20,0,50.0,10,11340,11316
11341,"Wisp Heat",DirectDamageWithDebuff,0.0,60,0,5.0,10,11341,11317
11342,"Wisp Glow",DirectDamageWithDebuff,0.0,60,0,13.0,10,11342,11318
11343,"Wisp Spark",DirectDamageWithDebuff,0.0,60,0,29.0,10,11343,11319
11344,"Wisp Fire",DirectDamageWithDebuff,0.0,60,0,37.0,10,11344,11320
11345,"Wisp Flame",DirectDamageWithDebuff,0.0,60,0,57.0,10,11345,11321
11346,"Wisp Blaze",DirectDamageWithDebuff,0.0,60,0,73.0,10,11346,11322
11347,"Wisp Flare",DirectDamageWithDebuff,0.0,60,0,100.0,10,11347,11323
11348,"Wisp Pyre",DirectDamageWithDebuff,0.0,60,0,124.0,10,11348,11324
11349,"Wisp Inferno",DirectDamageWithDebuff,0.0,60,0,159.0,10,11349,11325
11350,"Forest's Advocate",SummonAnimistFnF,5.0,120,0,-88.0,10,11350,11326
11351,"Forest's Emissary",SummonAnimistFnF,5.0,120,0,-88.0,10,11351,11327
11352,"Forest's Essence",SummonAnimistFnF,5.0,120,0,-88.0,10,11352,11328
11353,"Forest's Spirit",SummonAnimistFnF,5.0,120,0,-88.0,10,11353,11329
11354,"Forest's Heart",SummonAnimistFnF,5.0,120,0,-88.0,10,11354,11330
11355,"Forest's Soul",SummonAnimistFnF,5.0,120,0,-88.0,10,11355,11331
11356,"Forest's Incarnation",SummonAnimistFnF,5.0,120,0,-88.0,10,11356,11332
11357,"Forest's Core",SummonAnimistFnF,5.0,120,0,-88.0,10,11357,11333
11361,"Spreading Vines",SpeedDecrease,0.0,16,0,0.0,10,11334,11310
11362,"Ripening Vines",SpeedDecrease,0.0,23,0,0.0,10,11335,11311
11363,"Expanding Vines",SpeedDecrease,0.0,31,0,0.0,10,11336,11312
11364,"Branching Vines",SpeedDecrease,0.0,41,0,0.0,10,11337,11313
11365,"Growing Vines",SpeedDecrease,0.0,48,0,0.0,10,11338,11314
11366,"Shooting Vines",SpeedDecrease,0.0,61,0,0.0,10,11339,11315
11367,"Rampant Vines",SpeedDecrease,0.0,73,0,0.0,10,11340,11316
11368,"Constraining Spirit",SpeedDecrease,0.0,32,0,0.0,10,11457,11422
11369,"Entangling Spirit",SpeedDecrease,0.0,41,0,0.0,10,11458,11423
11370,"Grasping Spirit",SpeedDecrease,0.0,52,0,0.0,10,11459,11424
11371,"Constricting Spirit",SpeedDecrease,0.0,63,0,0.0,10,11460,11425
11372,"Binding Spirit",SpeedDecrease,0.0,75,0,0.0,10,11461,11426
11373,"Guardian Emissary",ArmorAbsorptionBuff,0.0,15,0,0.0,10,11645,11614
11374,"Protector Emissary",ArmorAbsorptionBuff,0.0,15,0,0.0,10,11646,11615
11375,"Shielding Emissary",ArmorAbsorptionBuff,0.0,15,0,0.0,10,11647,11616
11376,"Buffering Emissary",ArmorAbsorptionBuff,0.0,15,0,0.0,10,11648,11617
11377,"Defending Emissary",ArmorAbsorptionBuff,0.0,15,0,0.0,10,11649,11618
11378,"Fortifying Emissary",ArmorAbsorptionBuff,0.0,15,0,0.0,10,11650,11619
11379,"Essence of the Tree",ArmorAbsorptionBuff,0.0,600,0,0.0,10,11642,11642
11380,"Essence of the Grove",ArmorAbsorptionBuff,0.0,600,0,0.0,10,11643,11643
11381,"Essence of the Forest",ArmorAbsorptionBuff,0.0,600,0,0.0,10,11644,11644
11401,"Sporespawn Seedling",MeleeDamageDebuff,0.0,15,130,0.0,10,11436,11401
11402,"Sporespawn Sapling",MeleeDamageDebuff,0.0,15,130,0.0,10,11437,11402
11403,"Sporespawn Youngling",MeleeDamageDebuff,0.0,15,130,0.0,10,11438,11403
11404,"Sporespawn Youth",MeleeDamageDebuff,0.0,15,130,0.0,10,11439,11404
11405,Sporespawn,MeleeDamageDebuff,0.0,15,130,0.0,10,11440,11405
11406,"Aged Sporespawn",MeleeDamageDebuff,0.0,15,130,0.0,10,11441,11406
11407,"Elder Sporespawn",MeleeDamageDebuff,0.0,15,130,0.0,10,11442,11407
11408,"Spore Spewer",MeleeDamageDebuff,2.0,60,0,0.0,10,11443,11408
11409,"Spore Secreter",MeleeDamageDebuff,2.0,60,0,0.0,10,11444,11409
11410,"Spore Ejector",MeleeDamageDebuff,2.0,60,0,0.0,10,11445,11410
11411,"Spore Emitter",MeleeDamageDebuff,2.0,60,0,0.0,10,11446,11411
11412,"Spore Vent",MeleeDamageDebuff,2.0,60,0,0.0,10,11447,11412
11413,"Spore Jet",MeleeDamageDebuff,2.0,60,0,0.0,10,11448,11413
11414,"Spore Erupter",MeleeDamageDebuff,2.0,60,0,0.0,10,11449,11414
11415,"Spore Cannon",MeleeDamageDebuff,2.0,60,0,0.0,10,11450,11415
11416,"Dancing Spark",Bomber,2.0,20,0,0.0,10,11451,11416
11417,"Dancing Gleam",Bomber,2.0,20,0,0.0,10,11452,11417
11418,"Dancing Glint",Bomber,2.0,20,0,0.0,10,11453,11418
11419,"Dancing Flame",Bomber,2.0,20,0,0.0,10,11454,11419
11420,"Dancing Light",Bomber,2.0,20,0,0.0,10,11455,11420
11421,"Dancing Flare",Bomber,2.0,20,0,0.0,10,11456,11421
11427,"Grove's Assaillant",DamageSpeedDecrease,2.5,30,0,9.0,10,11462,11427
11428,"Grove's Hunter",DamageSpeedDecrease,2.5,30,0,25.0,10,11463,11428
11429,"Grove's Eliminator",DamageSpeedDecrease,2.5,30,0,40.0,10,11464,11429
11430,"Grove's Enforcer",DamageSpeedDecrease,2.5,30,0,64.0,10,11465,11430
11431,"Grove's Agent",DamageSpeedDecrease,2.5,30,0,80.0,10,11466,11431
11432,"Grove's Inquisitor",DamageSpeedDecrease,2.5,30,0,108.0,10,11467,11432
11433,"Grove's Executioner",DamageSpeedDecrease,2.5,30,0,131.0,10,11468,11433
11434,"Grove's Assassin",DamageSpeedDecrease,2.5,30,0,164.0,10,11469,11434
11436,"Sporespawn Seedling",SummonAnimistFnF,2.0,120,0,-88.0,10,11436,11401
11437,"Sporespawn Sapling",SummonAnimistFnF,2.0,120,0,-88.0,10,11437,11402
11438,"Sporespawn Youngling",SummonAnimistFnF,2.0,120,0,-88.0,10,11438,11403
11439,"Sporespawn Youth",SummonAnimistFnF,2.0,120,0,-88.0,10,11439,11404
11440,Sporespawn,SummonAnimistFnF,2.0,120,0,-88.0,10,11440,11405
11441,"Aged Sporespawn",SummonAnimistFnF,2.0,120,0,-88.0,10,11441,11406
11442,"Elder Sporespawn",SummonAnimistFnF,2.0,120,0,-88.0,10,11442,11407
11443,"Spore Spewer",SummonAnimistFnF,3.0,120,0,-88.0,10,11443,11408
11444,"Spore Secreter",SummonAnimistFnF,3.0,120,0,-88.0,10,11444,11409
11445,"Spore Ejector",SummonAnimistFnF,3.0,120,0,-88.0,10,11445,11410
11446,"Spore Emitter",SummonAnimistFnF,3.0,120,0,-88.0,10,11446,11411
11447,"Spore Vent",SummonAnimistFnF,3.0,120,0,-88.0,10,11447,11412
11448,"Spore Jet",SummonAnimistFnF,3.0,120,0,-88.0,10,11448,11413
11449,"Spore Erupter",SummonAnimistFnF,3.0,120,0,-88.0,10,11449,11414
11450,"Spore Cannon",SummonAnimistFnF,3.0,120,0,-88.0,10,11450,11415
11451,"Dancing Spark",ArmorAbsorptionDebuff,0.0,20,0,0.0,10,11451,11416
11452,"Dancing Gleam",ArmorAbsorptionDebuff,0.0,20,0,0.0,10,11452,11417
11453,"Dancing Glint",ArmorAbsorptionDebuff,0.0,20,0,0.0,10,11453,11418
11454,"Dancing Flame",ArmorAbsorptionDebuff,0.0,20,0,0.0,10,11454,11419
11455,"Dancing Light",ArmorAbsorptionDebuff,0.0,20,0,0.0,10,11455,11420
11456,"Dancing Flare",ArmorAbsorptionDebuff,0.0,20,0,0.0,10,11456,11421
11457,"Constraining Spirit",Bomber,2.0,20,0,50.0,10,11457,11422
11458,"Entangling Spirit",Bomber,2.0,20,0,50.0,10,11458,11423
11459,"Grasping Spirit",Bomber,2.0,20,0,50.0,10,11459,11424
11460,"Constricting Spirit",Bomber,2.0,20,0,50.0,10,11460,11425
11461,"Binding Spirit",Bomber,2.0,20,0,50.0,10,11461,11426
11462,"Grove's Assaillant",SummonAnimistPet,2.5,65535,0,-88.0,0,11462,11427
11463,"Grove's Hunter",SummonAnimistPet,2.5,65535,0,-88.0,0,11463,11428
11464,"Grove's Eliminator",SummonAnimistPet,2.5,65535,0,-88.0,0,11464,11429
11465,"Grove's Enforcer",SummonAnimistPet,2.5,65535,0,-88.0,0,11465,11430
11466,"Grove's Agent",SummonAnimistPet,2.5,65535,0,-88.0,0,11466,11431
11467,"Grove's Inquisitor",SummonAnimistPet,2.5,65535,0,-88.0,0,11467,11432
11468,"Grove's Executioner",SummonAnimistPet,2.5,65535,0,-88.0,0,11468,11433
11469,"Grove's Assassin",SummonAnimistPet,2.5,65535,0,-88.0,0,11469,11434
11501,"Healing Spirit",Bomber,3.0,20,0,0.0,10,11531,11501
11502,"Mending Spirit",Bomber,3.0,20,0,0.0,10,11532,11502
11503,"Reviving Spirit",Bomber,3.0,20,0,0.0,10,11533,11503
11504,"Soothing Spirit",Bomber,3.0,20,0,0.0,10,11534,11504
11505,"Meliorating Spirit",Bomber,3.0,20,0,0.0,10,11535,11505
11506,"Restorative Spirit",Bomber,3.0,20,0,0.0,10,11536,11506
11507,"Ministering Spirit",Bomber,3.0,20,0,0.0,10,11537,11507
11508,"Rejuvenating Spirit",Bomber,3.0,20,0,0.0,10,11538,11508
11509,"Spirit of Remedy",Bomber,3.0,20,0,0.0,10,11539,11509
11510,"Spirit of Betterment",Bomber,3.0,20,0,0.0,10,11540,11510
11511,"Spirit of Relief",Bomber,3.0,20,0,0.0,10,11541,11511
11512,"Spirit of Regeneration",Bomber,3.0,20,0,0.0,10,11542,11512
11513,"Spirit of Replenishing",Bomber,3.0,20,0,0.0,10,11543,11513
11514,"Spirit of Nourishing",Bomber,3.0,20,0,0.0,10,11544,11514
11515,"Vent of Elemental Resistance",HeatColdMatterBuff,0.0,15,14,0.0,0,11545,11515
11516,"Vent of Elemental Protection",HeatColdMatterBuff,0.0,15,14,0.0,0,11546,11516
11517,"Vent of Elemental Guarding",HeatColdMatterBuff,0.0,15,14,0.0,0,11547,11517
11518,"Vent of Elemental Shielding",HeatColdMatterBuff,0.0,15,14,0.0,0,11548,11518
11519,"Vent of Physical Resistance",BodySpiritEnergyBuff,0.0,15,14,0.0,0,11549,11519
11520,"Vent of Physical Protection",BodySpiritEnergyBuff,0.0,15,14,0.0,0,11550,11520
11521,"Vent of Physical Guarding",BodySpiritEnergyBuff,0.0,15,14,0.0,0,11551,11521
11522,"Vent of Physical Shielding",BodySpiritEnergyBuff,0.0,15,14,0.0,0,11552,11522
11523,"Protecting Spirit",ArmorAbsorptionBuff,3.0,1200,0,0.0,0,11523,11523
11524,"Guardian Spirit",ArmorAbsorptionBuff,3.0,1200,0,0.0,0,11524,11524
11531,"Healing Spirit",Heal,0.0,20,0,0.0,0,11531,11501
11532,"Mending Spirit",Heal,0.0,20,0,0.0,0,11532,11502
11533,"Reviving Spirit",Heal,0.0,20,0,0.0,0,11533,11503
11534,"Soothing Spirit",Heal,0.0,20,0,0.0,0,11534,11504
11535,"Meliorating Spirit",Heal,0.0,20,0,0.0,0,11535,11505
11536,"Restorative Spirit",Heal,0.0,20,0,0.0,0,11536,11506
11537,"Ministering Spirit",Heal,0.0,20,0,0.0,0,11537,11507
11538,"Rejuvenating Spirit",Heal,0.0,20,0,0.0,0,11538,11508
11539,"Spirit of Remedy",HealthRegenBuff,0.0,60,0,0.0,10,11539,11509
11540,"Spirit of Betterment",HealthRegenBuff,0.0,60,0,0.0,10,11540,11510
11541,"Spirit of Relief",HealthRegenBuff,0.0,60,0,0.0,10,11541,11511
11542,"Spirit of Regeneration",HealthRegenBuff,0.0,60,0,0.0,10,11542,11512
11543,"Spirit of Replenishing",HealthRegenBuff,0.0,60,0,0.0,10,11543,11513
11544,"Spirit of Nourishing",HealthRegenBuff,0.0,60,0,0.0,10,11544,11514
11545,"Vent of Elemental Resistance",SummonAnimistFnF,3.0,120,0,-88.0,10,11545,11515
11546,"Vent of Elemental Protection",SummonAnimistFnF,3.0,120,0,-88.0,10,11546,11516
11547,"Vent of Elemental Guarding",SummonAnimistFnF,3.0,120,0,-88.0,10,11547,11517
11548,"Vent of Elemental Shielding",SummonAnimistFnF,3.0,120,0,-88.0,10,11548,11518
11549,"Vent of Physical Resistance",SummonAnimistFnF,3.0,120,0,-88.0,10,11549,11519
11550,"Vent of Physical Protection",SummonAnimistFnF,3.0,120,0,-88.0,10,11550,11520
11551,"Vent of Physical Guarding",SummonAnimistFnF,3.0,120,0,-88.0,10,11551,11521
11552,"Vent of Physical Shielding",SummonAnimistFnF,3.0,120,0,-88.0,10,11552,11522
11553,"Shield of Wood",Bladeturn,4.0,65535,0,0.0,0,11553,11553
11620,"Woodspirit Sheath",Bomber,3.0,20,0,0.0,10,11651,11620
11621,"Woodspirit Shield",Bomber,3.0,20,0,0.0,10,11652,11621
11622,"Woodspirit Barrier",Bomber,3.0,20,0,0.0,10,11653,11622
11623,"Woodspirit Guard",Bomber,3.0,20,0,0.0,10,11654,11623
11624,"Woodspirit Wall",Bomber,3.0,20,0,0.0,10,11655,11624
11625,"Woodspirit Seal",Bomber,3.0,20,0,0.0,10,11656,11625
11626,"Ligneous Sheath",AblativeArmor,3.0,600,0,0.0,0,11657,11626
11627,"Ligneous Shield",AblativeArmor,3.0,600,0,0.0,0,11658,11627
11628,"Ligneous Barrier",AblativeArmor,3.0,600,0,0.0,0,11659,11628
11629,"Ligneous Guard",AblativeArmor,3.0,600,0,0.0,0,11660,11629
11630,"Ligneous Wall",AblativeArmor,3.0,600,0,0.0,0,11661,11630
11631,"Ligneous Seal",AblativeArmor,3.0,600,0,0.0,0,11662,11631
11632,"Briar Burst",TurretPBAoE,3.0,0,0,5.0,14,11632,11601
11633,"Briar Salvo",TurretPBAoE,3.0,0,0,16.0,14,11633,11602
11634,"Briar Shower",TurretPBAoE,3.0,0,0,31.0,14,11634,11603
11635,"Briar Cloud",TurretPBAoE,3.0,0,0,46.0,14,11635,11604
11636,"Briar Discharge",TurretPBAoE,3.0,0,0,62.0,14,11636,11605
11637,"Briar Eruption",TurretPBAoE,3.0,0,0,81.0,14,11637,11606
11638,"Briar Barrage",TurretPBAoE,3.0,0,0,102.0,14,11638,11607
11639,"Briar Explosion",TurretPBAoE,3.0,0,0,137.0,14,11639,11608
11640,"Briar Detonation",TurretPBAoE,3.0,0,0,183.0,14,11640,11609
11641,"Briar Storm",TurretPBAoE,3.0,0,0,225.0,14,11641,11610
11642,"Essence of the Tree",Bomber,3.0,20,0,50.0,10,11642,11642
11643,"Essence of the Grove",Bomber,3.0,20,0,50.0,10,11643,11643
11644,"Essence of the Forest",Bomber,3.0,20,0,50.0,10,11644,11644
11645,"Guardian Emissary",Bomber,2.8,20,0,50.0,10,11645,11614
11646,"Protector Emissary",Bomber,2.8,20,0,50.0,10,11646,11615
11647,"Shielding Emissary",Bomber,2.8,20,0,50.0,10,11647,11616
11648,"Buffering Emissary",Bomber,2.8,20,0,50.0,10,11648,11617
11649,"Defending Emissary",Bomber,2.8,20,0,50.0,10,11649,11618
11650,"Fortifying Emissary",Bomber,2.8,20,0,50.0,10,11650,11619
11651,"Woodspirit Sheath",Bladeturn,0.0,30,0,0.0,10,11651,11620
11652,"Woodspirit Shield",Bladeturn,0.0,30,0,0.0,10,11652,11621
11653,"Woodspirit Barrier",Bladeturn,0.0,30,0,0.0,10,11653,11622
11654,"Woodspirit Guard",Bladeturn,0.0,30,0,0.0,10,11654,11623
11655,"Woodspirit Wall",Bladeturn,0.0,30,0,0.0,10,11655,11624
11656,"Woodspirit Seal",Bladeturn,0.0,30,0,0.0,10,11656,11625
11657,"Ligneous Sheath",SummonAnimistFnF,5.0,60,0,-88.0,10,11657,11626
11658,"Ligneous Shield",SummonAnimistFnF,5.0,60,0,-88.0,10,11658,11627
11659,"Ligneous Barrier",SummonAnimistFnF,5.0,60,0,-88.0,10,11659,11628
11660,"Ligneous Guard",SummonAnimistFnF,5.0,60,0,-88.0,10,11660,11629
11661,"Ligneous Wall",SummonAnimistFnF,5.0,60,0,-88.0,10,11661,11630
11662,"Ligneous Seal",SummonAnimistFnF,5.0,60,0,-88.0,10,11662,11631
11663,"Battle Messenger Spell",Taunt,3.0,0,0,0.0,10,11671,11663
11664,"Battle Crier Spell",Taunt,3.0,0,0,0.0,10,11672,11664
11665,"Battle Herald Spell",Taunt,3.0,0,0,0.0,10,11673,11665
11666,"Battle Harbinger Spell",Taunt,3.0,0,0,0.0,10,11674,11666
11667,"War Messenger Spell",Taunt,3.0,0,0,0.0,10,11675,11667
11668,"War Crier Spell",Taunt,3.0,0,0,0.0,10,11676,11668
11669,"War Herald Spell",Taunt,3.0,0,0,0.0,10,11677,11669
11671,"Battle Messenger",SummonAnimistPet,3.0,65535,0,-88.0,1,11671,11663
11672,"Battle Crier",SummonAnimistPet,3.0,65535,0,-88.0,1,11672,11664
11673,"Battle Herald",SummonAnimistPet,3.0,65535,0,-88.0,1,11673,11665
11674,"Battle Harbinger",SummonAnimistPet,3.0,65535,0,-88.0,1,11674,11666
11675,"War Messenger",SummonAnimistPet,3.0,65535,0,-88.0,1,11675,11667
11676,"War Crier",SummonAnimistPet,3.0,65535,0,-88.0,1,11676,11668
11677,"War Herald",SummonAnimistPet,3.0,65535,0,-88.0,1,11677,11669
11680,"Release Clump",TurretsRelease,0.0,0,0,0.0,0,868,868
13018,Regeneration,HealOverTime,3.0,15,15,0.0,12,13018,13018
13361,"Tomte Visonary Heal",Heal,2.2,0,0,0.0,0,1336,1336
13571,"Disturbing Voices",SpeedDecrease,2.5,70,0,0.0,10,13571,13571
14382,"Cure Nearsight I",CureNearsightCustom,6.0,0,0,0.0,0,14382,14382
14383,"Cure Nearsight II",CureNearsightCustom,3.5,0,0,0.0,0,14382,14382
14412,Heal,Heal,0.0,0,0,0.0,0,14401,14401
14413,Heal,Heal,0.0,0,0,0.0,0,14401,14401
14414,Heal,Heal,0.0,0,0,0.0,0,14401,14401
14800,"Comforting Flames",ComfortingFlames,0.0,600,0,0.0,0,14800,14800
15000,"Stunning Aura",Stun,2.5,9,60,0.0,15,1615,1615
15001,"Mind Agony",DamageOverTime,3.0,24,0,35.0,15,4427,4427
17500,"Acid Shot 1",ArcheryDoT,0.0,20,0,2.0,14,611,611
17501,"Acid Shot 2",ArcheryDoT,0.0,20,0,3.0,14,611,611
17502,"Acid Shot 3",ArcheryDoT,0.0,20,0,9.0,14,611,611
17503,"Acid Shot 4",ArcheryDoT,0.0,20,0,16.0,14,611,611
17504,"Acid Shot 5",ArcheryDoT,0.0,20,0,25.0,14,611,611
17505,"Acid Shot 6",ArcheryDoT,0.0,20,0,36.0,14,611,611
17506,"Acid Shot 7",ArcheryDoT,0.0,20,0,49.0,14,611,611
17507,"Acid Shot 8",ArcheryDoT,0.0,20,0,64.0,14,611,611
17508,"Poison Shot 1",ArcheryDoT,0.0,20,0,2.0,10,3410,3410
17509,"Poison Shot 2",ArcheryDoT,0.0,20,0,4.0,10,3410,3410
17510,"Poison Shot 3",ArcheryDoT,0.0,20,0,9.0,10,3410,3410
17511,"Poison Shot 4",ArcheryDoT,0.0,20,0,16.0,10,3410,3410
17512,"Poison Shot 5",ArcheryDoT,0.0,20,0,25.0,10,3410,3410
17513,"Poison Shot 6",ArcheryDoT,0.0,20,0,36.0,10,3410,3410
17514,"Poison Shot 7",ArcheryDoT,0.0,20,0,49.0,10,3410,3410
17515,"Poison Shot 8",ArcheryDoT,0.0,20,0,64.0,10,3410,3410
20000,Taunt,StyleTaunt,0.0,0,0,0.0,0,7353,7353
20001,Detaunt,StyleTaunt,0.0,0,0,0.0,0,7354,7354
20033,Stunned,StyleStun,0.0,5,0,0.0,10,2132,2132
20051,Hindered,StyleSpeedDecrease,0.0,11,0,0.0,10,2135,2135
20086,Hindered,StyleSpeedDecrease,0.0,15,0,0.0,10,2135,2135
20087,Slowed,StyleCombatSpeedDebuff,0.0,20,0,0.0,10,2140,2140
20088,Slowed,StyleCombatSpeedDebuff,0.0,20,0,0.0,10,2140,2140
20089,Slowed,StyleCombatSpeedDebuff,0.0,20,0,0.0,10,2140,2140
20090,Slowed,StyleCombatSpeedDebuff,0.0,20,0,0.0,10,2140,2140
20094,"Specters of Death",ArmorFactorDebuff,3.0,30,0,0.0,15,9137,9137
20100,Slowed,StyleCombatSpeedDebuff,0.0,20,0,0.0,10,2140,2140
20101,Slowed,StyleCombatSpeedDebuff,0.0,20,0,0.0,10,2140,2140
20102,Slowed,StyleCombatSpeedDebuff,0.0,20,0,0.0,10,2140,2140
20103,Leviathian,DirectDamage,0.0,0,0,153.0,11,0,582
20104,"Reaver Curse",StrengthDebuff,0.0,30,0,0.0,15,0,14334
20105,"Reaver Soul",Lifedrain,0.0,0,0,130.0,15,0,2145
20106,"Reaver Spirit",Lifedrain,0.0,0,0,58.0,15,0,9615
20110,"Kelgor's Might",StyleCombatSpeedDebuff,0.0,20,0,0.0,10,0,10554
20120,"Pierce Armor",SlashResistDebuff,0.0,20,0,0.0,10,11261,11261
20121,"Scythe of Flame",DamageAdd,0.0,30,0,2.0,10,11262,11262
20122,"Flickering Flame",DamageOverTime,0.0,20,0,18.0,13,11263,11263
20123,"Thorny Shield Proc",DamageShield,0.0,30,0,4.0,14,57,57
20124,"Winters Scythe Proc",DamageAdd,0.0,30,0,4.0,14,11264,11264
20125,"Spray of Needles",DirectDamage,0.0,0,0,33.0,11,0,11266
20126,"Frigid Mists",DirectDamage,0.0,0,0,198.0,11,0,11266
20127,"L39 Scythe DD",DirectDamage,0.0,0,0,57.0,13,0,2916
20128,GraspingRootsProc,SpeedDecrease,0.0,10,0,0.0,11,0,80
20200,Bleeding,StyleBleeding,0.0,30,0,5.0,10,0,2130
20201,Bleeding,StyleBleeding,0.0,40,0,8.0,10,0,2130
20202,Bleeding,StyleBleeding,0.0,25,0,4.0,10,0,2130
20203,Bleeding,StyleBleeding,0.0,40,0,7.0,10,0,2130
20204,Bleeding,StyleBleeding,0.0,20,0,3.0,10,0,2130
20205,Bleeding,StyleBleeding,0.0,35,0,6.0,10,0,2130
20206,Bleeding,StyleBleeding,0.0,40,0,10.0,10,0,2130
20207,Bleeding,StyleBleeding,0.0,40,0,11.0,10,0,2130
20208,Bleeding,StyleBleeding,0.0,40,0,15.0,10,0,2130
20209,Bleeding,StyleBleeding,0.0,40,0,25.0,10,0,2130
20210,Bleeding,StyleBleeding,0.0,40,0,9.0,10,0,2130
20211,Bleeding,StyleBleeding,0.0,20,0,4.0,10,0,2130
20300,Hindered,StyleSpeedDecrease,0.0,14,0,0.0,10,2135,2135
20301,Hindered,StyleSpeedDecrease,0.0,19,0,0.0,10,2135,2135
20302,Hindered,StyleSpeedDecrease,0.0,15,0,0.0,10,2135,2135
20303,Hindered,StyleSpeedDecrease,0.0,12,0,0.0,10,2135,2135
20304,Hindered,StyleSpeedDecrease,0.0,23,0,0.0,10,2135,2135
20305,Hindered,StyleSpeedDecrease,0.0,27,0,0.0,10,2135,2135
20306,Hindered,StyleSpeedDecrease,0.0,11,0,0.0,10,2135,2135
20307,Hindered,StyleSpeedDecrease,0.0,23,0,0.0,10,2135,2135
20308,Hindered,StyleSpeedDecrease,0.0,31,0,0.0,10,2135,2135
20309,Hindered,StyleSpeedDecrease,0.0,9,0,0.0,10,2135,2135
20310,Hindered,StyleSpeedDecrease,0.0,4,0,0.0,10,2135,2135
20311,Hindered,StyleSpeedDecrease,0.0,12,0,0.0,10,2135,2135
20400,Stunned,StyleStun,0.0,4,0,0.0,10,2132,2132
20401,Stunned,StyleStun,0.0,2,0,0.0,10,2132,2132
20402,Stunned,StyleStun,0.0,10,0,0.0,10,2132,2132
20403,Stunned,StyleStun,0.0,5,0,0.0,10,2132,2132
20404,Stunned,StyleStun,0.0,3,0,0.0,10,2132,2132
20405,Stunned,StyleStun,0.0,7,0,0.0,10,2132,2132
20406,Stunned,StyleStun,0.0,8,0,0.0,10,2132,2132
20407,Stunned,StyleStun,0.0,9,0,0.0,10,2132,2132
20408,Stunned,StyleStun,0.0,6,0,0.0,10,2132,2132
20500,"150 Damage Energy DD",DirectDamage,0.0,0,0,150.0,12,0,9644
20501,"95 Damage Heat DD",DirectDamage,0.0,0,0,95.0,13,0,9644
20502,"150 Damage Spirit DD",DirectDamage,0.0,0,0,150.0,15,0,9644
20503,"95 Damage Cold DD",DirectDamage,0.0,0,0,95.0,11,0,159
20504,"75 Damage Energy DD",DirectDamage,0.0,0,0,75.0,12,0,4068
21851,"ColdDD Proc",DirectDamage,0.0,0,0,70.0,11,2185,2185
22000,"Proc 64 DoT Matter",OffensiveProc,0.0,65535,0,0.0,13,4054,4054
22001,ProcDamageOverTime64,DamageOverTime,0.0,20,0,64.0,14,521,521
22002,"70 Power Restore",PowerHeal,0.0,0,0,0.0,0,8061,8061
23000,"Abduct Lifeforce",Lifedrain,2.5,0,30,174.0,10,710,710
23001,"Fungal Dilapidation",DamageOverTime,3.0,24,0,73.0,10,3410,3410
25601,Snowball,Bomber,2.5,20,0,0.0,0,259,259
25602,"Snowball Damage",DirectDamage,2.5,0,0,178.5,10,259,259
25603,"Freezing Winter Wind",Mesmerize,0.5,20,0,0.0,12,971,971
25604,"Wintery Chill",Stun,0.5,10,0,0.0,10,3396,3396
25605,"Winters Toll",Disease,1.5,180,0,0.0,10,3425,3425
25606,"Winters Bite",DamageOverTime,2.5,20,8,64.0,10,259,4099
25607,"Wintery Ice Blast",DirectDamage,2.5,0,0,120.0,11,159,159
25608,"Greater Fascination",Mesmerize,0.5,67,0,0.0,12,917,917
25609,"Winters Barrier",SpecArmorFactorBuff,0.5,1200,0,0.0,0,2669,2669
25610,"Winters Retribution",FrontalPulseConeDD,1.5,0,3,56.0,15,12512,12512
25611,"Cataclysm Winter",DirectDamage,2.5,0,0,158.0,15,4227,4227
25628,"Minor Toxic Poison Proc",OffensiveProc,0.0,30,0,26.0,0,5710,5710
25629,"Lesser Toxic Poison Proc",OffensiveProc,0.0,30,0,38.0,0,5710,5710
25630,"Toxic Poison Proc",OffensiveProc,0.0,30,0,49.0,0,5710,5710
25631,"Major Toxic Poison Proc",OffensiveProc,0.0,30,0,61.0,0,5710,5710
25632,"Greater Toxic Poison Proc",OffensiveProc,0.0,30,0,73.0,0,5710,5710
25633,"Minor Toxic Venom Proc",OffensiveProc,0.0,30,0,84.0,0,5710,5710
25634,"Lesser Toxic Venom Proc",OffensiveProc,0.0,30,0,96.0,0,5710,5710
25635,"Major Toxic Venom Proc",OffensiveProc,0.0,30,0,107.0,0,5710,5710
25636,"Greater Toxic Venom Proc",OffensiveProc,0.0,30,0,119.0,0,5710,5710
25646,"Minor Hindering Poison",DexterityDebuff,0.0,60,0,0.0,10,935,935
25647,"Lesser Hindering Poison",DexterityDebuff,0.0,60,0,0.0,10,935,935
25648,"minor inhibiting poison",DexterityConstitutionDebuff,0.0,60,0,0.0,10,4099,4099
25649,"lesser inhibiting poison",DexterityConstitutionDebuff,0.0,60,0,0.0,10,4099,4099
25650,"major inhibiting poison",DexterityConstitutionDebuff,0.0,60,0,0.0,10,4099,4099
25651,"greater inhibiting poison",DexterityConstitutionDebuff,0.0,60,0,0.0,10,4099,4099
25661,"stone golem offensive proc",OffensiveProc,0.0,655,0,0.0,0,0,9626
25662,"stone golem LT proc",Lifedrain,0.0,0,0,200.0,15,0,9666
25663,"ancient drakoran necro offensive proc",OffensiveProc,0.0,655,0,0.0,0,0,9666
25664,"ancient drakoran necro Lifetap",Lifedrain,9.0,0,0,145.0,15,0,710
25665,"zhulrathuul offensive proc",OffensiveProc,0.0,655,0,0.0,0,0,9666
25666,"zhulrathuul LT proc",Lifedrain,0.0,0,0,355.0,15,0,710
25667,"Xanxicar offensive Proc",OffensiveProc,0.0,655,0,0.0,0,0,202
25668,"Xanxicar Cold AoE DD",DirectDamage,0.0,0,0,175.0,11,0,202
25669,"Xanxicar offensive Disease Proc",DefensiveProc,2.5,655,0,0.0,0,0,3480
25677,"Channeled Frenzy",DirectDamage,5.0,0,0,219.6,15,9508,9508
25682,"Major Hindering Poison",DexterityDebuff,0.0,60,0,0.0,10,935,935
25683,"Greater Hindering Poison",DexterityDebuff,0.0,60,0,0.0,10,935,935
26000,"Corruptor Dot Proc",OffensiveProc,0.0,65535,0,0.0,12,26000,26000
30000,"Minor Lethal Poison",DamageOverTime,0.0,20,0,9.0,10,4080,4080
30001,"Minor Weakening Poison",StrengthDebuff,0.0,60,0,0.0,10,4082,4082
30002,"Minor Imbalancing Poison",UnbreakableSpeedDecrease,0.0,35,0,0.0,10,4086,4086
30003,"Minor Infectious Serum",Disease,0.0,60,0,0.0,10,4088,4088
30004,"Lesser Lethal Poison",DamageOverTime,0.0,20,0,12.0,10,4081,4081
30005,"Lesser Weakening Poison",StrengthDebuff,0.0,60,0,0.0,10,4083,4083
30006,"Lethal Strike",DamageOverTime,0.0,20,0,9.0,13,4080,4080
30007,"Lesser Imbalancing Poison",UnbreakableSpeedDecrease,0.0,44,0,0.0,10,4087,4087
30009,"Lethal Poison",DamageOverTime,0.0,20,0,16.0,10,4092,4092
30010,"Major Weakening Poison",StrengthDebuff,0.0,60,0,0.0,10,4083,4083
30012,"Major Imbalancing Poison",UnbreakableSpeedDecrease,0.0,52,0,0.0,10,4087,4087
30014,"Major Lethal Poison",DamageOverTime,0.0,20,0,21.0,10,4093,4093
30015,"Lesser Infectious Serum",Disease,0.0,90,0,0.0,10,4089,4089
30016,"Greater Weakening Poison",StrengthDebuff,0.0,60,0,0.0,10,4083,4083
30017,"Greater Imbalancing Poison",UnbreakableSpeedDecrease,0.0,61,0,0.0,10,4087,4087
30019,"Greater Lethal Poison",DamageOverTime,0.0,20,0,26.0,10,4094,4094
30021,"Minor Enervating Poison",StrengthConstitutionDebuff,0.0,60,0,0.0,10,4085,4085
30022,"Minor Crippling Poison",UnbreakableSpeedDecrease,0.0,70,0,0.0,10,4090,4090
30024,"Minor Lethal Venom",DamageOverTime,0.0,20,0,31.0,10,4095,4095
30025,"Infectious Serum",Disease,0.0,120,0,0.0,10,4089,4089
30026,"Lesser Crippling Poison",UnbreakableSpeedDecrease,0.0,77,0,0.0,10,4091,4091
30028,"Lesser Enervating Poison",StrengthConstitutionDebuff,0.0,60,0,0.0,10,4085,4085
30029,"Lesser Lethal Venom",DamageOverTime,0.0,20,0,37.0,10,4096,4096
30030,"Major Crippling Poison",UnbreakableSpeedDecrease,0.0,84,0,0.0,10,4091,4091
30034,"Major Lethal Venom",DamageOverTime,0.0,20,0,43.0,10,4097,4097
30036,"Major Enervating Poison",StrengthConstitutionDebuff,0.0,60,0,0.0,10,4085,4085
30037,"Major Infectious Serum",Disease,0.0,150,0,0.0,10,4089,4089
30039,"Greater Lethal Venom",DamageOverTime,0.0,20,0,50.0,10,4098,4098
30041,"Greater Crippling Poison",UnbreakableSpeedDecrease,0.0,103,0,0.0,10,4091,4091
30044,"Insidious Lethal Venom",DamageOverTime,0.0,20,0,57.0,10,4099,4099
30046,"Greater Enervating Poison",StrengthConstitutionDebuff,0.0,60,0,0.0,10,4085,4085
30047,"Greater Infectious Serum",Disease,0.0,180,0,0.0,10,4089,4089
30049,Lifebane,DamageOverTime,0.0,20,0,64.0,10,4099,4099
30126,Dmg-Over-Time,DamageOverTime,0.0,25,0,20.0,12,11216,11216
30179,"Herbal Regrowth",Heal,0.0,0,900,0.0,0,14406,14406
30180,"Celestial Healing",Heal,0.0,0,900,0.0,0,4610,4610
30181,"Change Shapeshift",EternalPlant,0.0,0,900,0.0,10,13623,13623
30182,"Plant Regeneration",PowerHealthEnduranceRegenBuff,0.0,30,900,0.0,0,976,976
30183,"Herbal Mending",Heal,0.0,0,900,0.0,0,14406,14406
31000,"Weak Elixir of Healing",Heal,3.0,0,0,0.0,0,8051,8051
31001,"Elixir of Healing",Heal,3.0,0,0,0.0,0,8051,8052
31003,"Strong Elixir of Healing",Heal,3.0,0,0,0.0,0,8054,8054
31004,"Weak Elixir of Stamina",EnduranceHeal,3.0,0,0,0.0,0,8055,8055
31005,"Elixir of Stamina",EnduranceHeal,3.0,0,0,0.0,0,8056,8056
31007,"Strong Elixir of Stamina",EnduranceHeal,3.0,0,0,0.0,0,8058,8058
31008,"Weak Elixir of Power",PowerHeal,3.0,0,0,0.0,0,8059,8059
31009,"Elixir of Power",PowerHeal,3.0,0,0,0.0,0,8060,8060
31011,"Strong Elixir of Power",PowerHeal,3.0,0,0,0.0,0,8062,8062
31012,"Elixir of Instant Healing",Heal,0.0,0,0,0.0,0,8063,8063
31013,"Elixir of Instant Endurance",EnduranceHeal,0.0,0,0,0.0,0,8064,8064
31014,"Elixir of Instant Power",PowerHeal,0.0,0,0,0.0,0,8065,8065
31015,"Weak Elixir of Shard Skin",DamageShield,3.0,1200,0,1.5,10,11022,11022
31016,"Elixir of Shard Skin",DamageShield,3.0,1200,0,2.5,10,11024,11024
31017,"Improved Elixir of Shard Skin",DamageShield,3.0,1200,0,3.3,10,11025,11025
31018,"Strong Elixir of Shard Skin",DamageShield,3.0,1200,0,4.1,10,11026,11026
31019,"Weak Elixir of Speed",CombatSpeedBuff,3.0,1200,0,0.0,0,8070,8070
31020,"Elixir of Speed",CombatSpeedBuff,3.0,600,0,0.0,0,8071,8071
31021,"Improved Elixir of Speed",CombatSpeedBuff,3.0,1200,0,0.0,0,8072,8072
31022,"Strong Elixir of Speed",CombatSpeedBuff,3.0,1200,0,0.0,0,8073,8073
31023,"Weak Elixir of Mending",HealthRegenBuff,3.0,1200,0,0.0,0,8074,8074
31026,"Strong Elixir of Mending",HealthRegenBuff,3.0,1200,0,0.0,0,8077,8077
31027,"Weak Elixir of Invigoration",EnduranceRegenBuff,3.0,1200,0,0.0,0,1373,8078
31030,"Strong Elixir of Invigoration",EnduranceRegenBuff,3.0,1200,0,0.0,0,8081,8081
31031,"Weak Elixir of Clarity",PowerRegenBuff,3.0,1200,0,0.0,0,8082,8082
31034,"Strong Elixir of Clarity",PowerRegenBuff,3.0,1200,0,0.0,0,4438,4438
31039,"Elixir of Strength",StrengthBuff,3.0,1200,0,0.0,0,8090,8090
31040,"Elixir of Fortitude",ConstitutionBuff,3.0,1200,0,0.0,0,8091,8091
31041,"Elixir of Dexterity",DexterityBuff,3.0,1200,0,0.0,0,8092,8092
31042,"Elixir of Enlightenment",AcuityBuff,3.0,1200,0,0.0,0,8093,8093
31043,"Elixir of Might",StrengthConstitutionBuff,3.0,1200,0,0.0,0,8094,8094
31044,"Elixir of Deftness",DexterityQuicknessBuff,3.0,1200,0,0.0,0,8095,8095
31045,"Greater Elixir of Instant Healing",Heal,0.0,0,0,0.0,0,8063,8063
31046,"Greater Elixir of Instant Endurance",EnduranceHeal,0.0,0,0,0.0,0,8064,8064
31047,"Greater Elixir of Instant Power",PowerHeal,0.0,0,0,0.0,0,8065,8065
31048,"Superior Elixir of Instant Healing",Heal,0.0,0,0,0.0,0,8063,8063
31049,"Superior Elixir of Instant Endurance",EnduranceHeal,0.0,0,0,0.0,0,8064,8064
31050,"Superior Elixir of Instant Power",PowerHeal,0.0,0,0,0.0,0,8065,8065
31051,"Combined Buffs",AllStatsBarrel,3.0,0,0,0.0,0,0,0
31052,"Combined Regens",AllRegenBuff,3.0,0,0,0.0,0,0,0
31100,"100 ABS Proc",AblativeArmor,0.0,600,0,0.0,0,11253,4301
31101,"DA Proc",DamageAdd,0.0,30,0,11.3,12,1659,3607
31102,"11 Haste Proc 60 sec",CombatSpeedBuff,0.0,60,0,0.0,0,404,404
31103,"13 Haste Proc 60 sec",CombatSpeedBuff,0.0,60,0,0.0,0,405,405
31104,"150 ABS Proc",AblativeArmor,0.0,600,0,0.0,0,11253,4301
31105,"2 Power Regen",PowerRegenBuff,0.0,1200,0,0.0,0,8083,8083
31106,"19% Haste Proc 60 sec",CombatSpeedBuff,0.0,60,0,0.0,0,407,407
31107,"20 Power Restore",PowerHeal,0.0,0,0,0.0,0,8061,8061
31108,"30 Health Regen 20sec",HealthRegenBuff,0.0,20,0,0.0,0,3111,3111
31109,"3 Endo Regen 2 min",EnduranceRegenBuff,0.0,120,0,0.0,0,8079,8079
31110,"3 Power Regen",PowerRegenBuff,0.0,1200,0,0.0,0,8084,8084
31111,"3.3 Damage Shield",DamageShield,0.0,600,0,3.3,15,3245,3245
31112,"30 Dex/Qui",DexterityQuicknessBuff,0.0,1200,0,0.0,0,8095,8095
31113,"30 Str/Con",StrengthConstitutionBuff,0.0,1200,0,0.0,0,8095,8095
31114,"331 DD Cold",DirectDamage,2.0,0,0,331.0,11,159,159
31115,"331 DD Spirit",DirectDamage,2.0,0,0,331.0,15,751,751
31116,"4 Power Regen",PowerRegenBuff,0.0,1200,0,0.0,0,8085,8085
31117,"5.0 Damage Shield",DamageShield,0.0,20,0,5.2,15,3246,3246
31118,"50 ABS Proc",AblativeArmor,0.0,600,0,0.0,0,11238,4301
31119,"50 ABS Buff (100%)",ArmorAbsorptionBuff,0.0,600,0,0.0,0,533,533
31120,"51 HealthRegen 20 sec",HealthRegenBuff,0.0,20,0,0.0,0,3113,3113
31121,"56 Dex/Qui Debuff",DexterityQuicknessDebuff,0.0,60,0,0.0,10,2626,2626
31122,"6 Health Regen",HealthRegenBuff,0.0,1200,0,0.0,0,8076,8076
31123,"60 Endo Restore",EnduranceHeal,3.0,0,0,0.0,0,8064,8064
31124,ProcDamageOverTime64,DamageOverTime,0.0,20,0,64.0,10,4054,4054
31125,"65 Lifetap (100%) Body",Lifedrain,0.0,0,0,65.0,10,662,9191
31126,"65 Lifetap (100%) Cold",Lifedrain,0.0,0,0,65.0,11,662,9191
31127,"Heal 70",Heal,0.0,0,0,0.0,0,1563,1563
31128,"70 Power Restore",PowerHeal,3.0,0,0,0.0,0,8061,8061
31129,"71 DD(350 AoE) Heat",DirectDamage,0.0,0,0,71.0,13,301,301
31130,"75 Acuity",AcuityBuff,0.0,600,0,0.0,0,1537,5080
31131,"75 AF Buff",SpecArmorFactorBuff,0.0,600,0,0.0,2,1505,1505
31132,"63 Dex/Qui",DexterityQuicknessBuff,0.0,1200,0,0.0,0,1525,1525
31133,"57 Str/Con",StrengthConstitutionBuff,0.0,1200,0,0.0,0,3267,8095
31134,"8 Health Regen",HealthRegenBuff,0.0,1200,0,0.0,0,8077,8077
31135,"8 HoT 20 sec",HealOverTime,0.0,20,0,0.0,0,4411,4411
31136,"95 DD Cold",DirectDamage,0.0,0,0,95.0,11,159,159
31137,"95 DD Energy",DirectDamage,0.0,0,0,95.0,12,0,4068
31138,"95 DD Heat",DirectDamage,0.0,0,0,95.0,13,301,301
31139,"95 DD Spirit",DirectDamage,3.0,0,0,95.0,15,751,751
31141,"1 Endo Regen 2 min",EnduranceRegenBuff,0.0,120,0,0.0,0,8079,8079
31142,"Heal 100",Heal,3.0,0,0,0.0,0,1563,1563
31143,"Heal 130",Heal,3.0,0,0,0.0,0,1563,1563
31144,"118 HoT 20 sec",HealOverTime,0.0,20,0,0.0,0,4411,4411
31145,"Heal 180",Heal,0.0,0,0,0.0,0,1563,1563
31146,"20 Endo Restore",EnduranceHeal,3.0,0,0,0.0,0,8064,8064
31147,"200 ABS Proc",AblativeArmor,0.0,600,0,0.0,0,11253,4301
31148,"25% Haste 60 sec",CombatSpeedBuff,0.0,60,0,0.0,0,11221,11221
31149,"4.2 Damage Shield",DamageShield,0.0,600,0,4.2,15,3245,3245
31150,"50 DD Cold",DirectDamage,0.0,0,0,50.0,11,159,159
31151,"51 DD(350 AoE) Heat",DirectDamage,0.0,0,0,51.0,13,351,351
31152,"56 Str/Con Debuff",StrengthConstitutionDebuff,0.0,60,0,0.0,10,966,966
31153,ProcDamageOverTime64,DamageOverTime,0.0,20,0,64.0,12,4351,4351
31154,ProcDamageOverTime64,DamageOverTime,0.0,20,0,64.0,13,4054,4054
31155,ProcDamageOverTime64,DamageOverTime,0.0,20,0,64.0,14,521,521
31156,"7.5 Damage Shield",DamageShield,0.0,600,0,7.5,15,3245,3245
31157,"Heal 80",Heal,0.0,0,0,0.0,0,1563,1563
31158,"Heal 80",Heal,0.0,0,0,0.0,0,1563,1563
31159,"99.9 DD Cold",DirectDamage,0.0,0,0,99.9,11,159,159
31160,"Proc 1 Endo Regen 2 min",DefensiveProc,0.0,65535,0,0.0,0,8079,8079
31161,"Proc 100 Heal",DefensiveProc,0.0,65535,0,0.0,0,1563,1563
31162,"Proc 130 Heal",DefensiveProc,3.0,65535,0,0.0,0,1563,1563
31163,"Proc 118 HoT 20 sec",DefensiveProc,0.0,65535,0,0.0,0,4411,4411
31164,"Proc 180 Heal",DefensiveProc,0.0,65535,0,0.0,0,1563,1563
31165,"Proc 20 Endo Restore",DefensiveProc,0.0,65535,0,0.0,0,8057,8057
31166,"Proc 200 Ablative (50%)",DefensiveProc,0.0,65535,0,0.0,0,11253,4301
31167,"Proc 25% Haste 60 sec",DefensiveProc,0.0,65535,0,0.0,0,11221,11221
31168,"Proc 4.2 DPS dmg shield 10 min",OffensiveProc,0.0,65535,0,0.0,13,3245,3245
31169,"Proc 50 DD Cold",OffensiveProc,0.0,65535,0,0.0,13,159,159
31170,"Proc 51 DD(350 AoE) Heat",OffensiveProc,0.0,65535,0,0.0,13,351,351
31171,"Proc 56 Str/Con Debuff",OffensiveProc,0.0,65535,0,0.0,10,966,966
31172,"Proc 64 DoT Energy",OffensiveProc,0.0,65535,0,0.0,12,4351,4351
31173,"Proc 64 DoT Heat",OffensiveProc,0.0,65535,0,0.0,13,4054,4054
31174,"Proc 64 DoT Matter",OffensiveProc,0.0,65535,0,0.0,13,4054,4054
31175,"Proc 75 DPS dmg shield 20 sec",OffensiveProc,0.0,65535,0,0.0,13,3245,3245
31176,"Proc 80 Heal",DefensiveProc,0.0,65535,0,0.0,0,1563,1563
31177,"Proc 80 Heal",DefensiveProc,0.0,65535,0,0.0,0,1563,1563
31178,"Proc 99.9 DD Cold",OffensiveProc,0.0,65535,0,0.0,13,159,159
31179,"Proc 95 DD Cold",OffensiveProc,0.0,65535,0,0.0,13,159,159
31180,"Proc 150 Ablative (50%)",DefensiveProc,0.0,65535,0,0.0,0,11253,4301
31181,"95 DD Spirit",OffensiveProc,3.0,65535,0,95.0,15,751,751
31182,"95 DD Energy",OffensiveProc,0.0,65535,0,95.0,12,4068,4068
31183,"55 AF Buff",DefensiveProc,0.0,65535,0,0.0,0,1505,1505
31184,"Proc 100 Ablative (50%)",DefensiveProc,0.0,65535,0,0.0,0,11253,4301
31185,"95 DD Heat",OffensiveProc,0.0,65535,0,95.0,13,301,301
31186,"65 Lifetap (100%) Body",OffensiveProc,0.0,65535,0,95.0,10,662,9191
31187,"65 Lifetap (100%) Cold",OffensiveProc,0.0,65535,0,95.0,11,662,9191
31188,"71 DD(350 AoE) Heat",OffensiveProc,0.0,65535,0,71.0,13,301,301
31189,"Proc 64 DoT Body",OffensiveProc,0.0,65535,0,0.0,13,4054,4054
31190,"50 Ablative (50%)",DefensiveProc,0.0,65535,0,0.0,0,11253,4301
31191,"6 Health Regen",DefensiveProc,0.0,65535,0,0.0,0,4912,4912
31192,"13% Haste Proc 60 sec",DefensiveProc,0.0,65535,0,0.0,0,405,405
31193,"19% Haste Proc 60 sec",DefensiveProc,0.0,65535,0,0.0,0,407,407
31194,"5.0 DPS dmg shield 20 sec",DefensiveProc,0.0,65535,0,0.0,0,3245,3245
31196,"56 Dex/Qui Debuff",OffensiveProc,0.0,65535,0,0.0,10,2626,2626
31197,"50 ABS Buff (100%)",DefensiveProc,0.0,65535,0,0.0,0,533,533
31198,"11.3 Dmg Add 30 sec",DefensiveProc,0.0,65535,0,0.0,0,31198,31198
31200,"Cockatrice Stun",OffensiveProc,0.0,65535,0,0.0,0,0,0
31202,"bottom feeder 56 Str/Con Debuff",OffensiveProc,0.0,65535,0,0.0,10,0,0
31203,"bottom feeder ASR 39 Proc",CombatSpeedDebuff,0.0,20,5,0.0,10,3356,3356
31204,"bottom feeder ASR 39",OffensiveProc,0.0,65535,0,0.0,13,3356,3356
31205,"Galla predator 200 DD Heat",OffensiveProc,0.0,65535,0,200.0,13,0,0
31206,"Galla predator 200 DD Heat",DirectDamage,0.0,0,0,200.0,13,0,4209
31207,"deep shrouder 200 DD Cold",OffensiveProc,0.0,65535,0,200.0,13,0,0
31208,"deep shrouder 200 Damage Cold DD",DirectDamage,0.0,0,0,200.0,13,0,4159
31209,"Lurker stun",OffensiveProc,0.0,65535,0,0.0,0,0,0
31210,"Olcasar Lifedrainer150 Lifetap (100%) Body",OffensiveProc,0.0,65535,0,150.0,11,0,0
31211,"Olcasar Lifedrainer150 Lifetap (100%) Body",Lifedrain,0.0,0,0,150.0,11,662,9191
31212,"Olcasar Mystic Mezz Galla",Mesmerize,3.0,70,10,0.0,10,5376,5376
31213,"Galla Olcasar Scyrer",DirectDamage,2.6,0,10,179.0,13,4111,4111
31214,"Galla Spike Lord DD",OffensiveProc,0.0,65535,0,200.0,14,0,0
31215,"Galla SPike Lord Matter DD",DirectDamage,0.0,0,0,200.0,14,0,612
31216,"Olcasar Tainter Disease Proc",OffensiveProc,0.0,65535,0,0.0,14,0,0
31217,"Olcasar Tainter Disease Proc",Disease,0.0,30,0,0.0,14,11247,11247
31218,"tunnel dredger 150 DD Heat",OffensiveProc,0.0,65535,0,150.0,13,0,0
31219,"tunnel dredger 150 DD Heat",DirectDamage,0.0,0,0,150.0,13,0,4209
31220,"Archlich Flame Spear",Bolt,2.5,0,10,331.0,13,378,378
31221,"Archlich Mind Flay",DirectDamage,2.8,0,10,209.0,10,759,759
31222,"Archlich Entangling Haze (Potent)",DamageSpeedDecrease,3.0,30,10,179.0,11,219,228
31223,"Blood Mage Bleed",StyleBleeding,0.0,40,0,30.0,10,0,2130
31224,"Blood Mage Bleed ",OffensiveProc,0.0,65535,0,30.0,10,0,0
31225,"Sludge Defedation",DamageOverTime,0.0,24,0,87.0,10,5270,5270
31226,"Sludge Defedation DOT",OffensiveProc,0.0,65535,0,87.0,10,0,0
31227,"Lacula Greater Vitality Dispersal",StrengthConstitutionDebuff,0.0,60,5,0.0,12,4387,4387
31228,"Lacula SC AoE Debuff",OffensiveProc,0.0,65535,0,0.0,12,0,0
31229,"Dry Remains Exalted Magma Shield",DamageShield,4.0,1200,0,20.0,14,57,57
31230,"Tenebrous Obsidian Strike",DirectDamage,2.6,0,5,200.0,11,2511,2511
31231,"Dark Light Hugin's Claw",DirectDamageWithDebuff,0.0,60,0,200.0,11,2578,2578
31232,"Dark Light Hugin's Claw",OffensiveProc,0.0,65535,0,200.0,11,0,0
31233,"50 ABS Proc",AblativeArmor,0.0,600,0,0.0,0,11238,4301
31234,"75 ABS Proc",AblativeArmor,0.0,600,0,0.0,0,11253,4301
31235,"75 Ablative (50%)",DefensiveProc,0.0,65535,0,0.0,0,11253,4301
31236,"200 DD Heat",OffensiveProc,0.0,65535,0,200.0,13,0,759
31237,"200 DD Heat",DirectDamage,0.0,0,0,200.0,13,0,159
31250,"300 Damage Energy AOEDD",DirectDamage,0.0,0,10,300.0,12,0,9644
31330,"Cait Sidhe DD Heat",OffensiveProc,0.0,65535,0,150.0,13,0,0
31331,"Cait Sidhe  DD Heat",DirectDamage,0.0,0,0,150.0,13,0,4209
31500,"Attack speed debuff 16%",CombatSpeedDebuff,0.0,120,0,0.0,15,126,126
31501,"Attack speed debuff 16%",OffensiveProc,0.0,65535,0,0.0,15,126,126
31503,"Icestrider interceptor root",SpeedDecrease,2.5,73,20,0.0,11,177,177
31504,"Icestrider Frostweaver root",SpeedDecrease,2.6,73,20,0.0,11,177,177
31505,"Icestrider Frostweaver  DD",DirectDamage,2.6,0,5,179.0,11,161,161
31506,"Frost Stallion DD AoE",DirectDamage,0.0,0,0,190.0,11,0,159
31507,"Frost Stallion DD AoE",OffensiveProc,0.0,65535,0,190.0,11,0,0
32000,ProcDamageOverTimeHeat41,DamageOverTime,0.0,10,0,50.0,13,4054,4054
32004,ProcDamageOverTime57,DamageOverTime,0.0,10,0,57.0,13,4054,4054
32013,ProcDamageOverTimeMatter47,DamageOverTime,0.0,10,0,64.0,14,0,521
32030,ProcDirectDamageHeat71PBAOE,DirectDamage,0.0,0,0,71.0,13,0,4054
32032,ProcDirectDamageHeat331,DirectDamage,2.0,0,0,331.0,13,0,4054
32033,ProcDirectDamageHeat71PBAOE,DirectDamage,0.0,0,0,71.0,13,0,4050
32034,ProcDirectDamageHeat91PBAOE,DirectDamage,0.0,0,0,91.0,13,0,4050
32035,ProcDamageOverTime64,DamageOverTime,0.0,10,0,57.0,13,4054,4054
32100,ProcDirectDamageHeat20,DirectDamage,0.0,0,0,41.0,13,0,4050
32101,ProcDirectDamageCold20,DirectDamage,3.0,0,0,41.0,11,4504,4504
32102,ProcDirectDamageEnergy20,DirectDamage,0.0,0,0,41.0,12,0,4068
32103,ProcDirectDamageSpirit20,DirectDamage,0.0,0,0,41.0,15,751,751
32104,ProcDirectDamageHeat25,DirectDamage,0.0,0,0,50.0,13,0,4051
32105,ProcDirectDamageCold25,DirectDamage,0.0,0,0,50.0,11,4504,4504
32106,ProcDirectDamageEnergy25,DirectDamage,0.0,0,0,50.0,12,0,4068
32107,ProcDirectDamageSpirit25,DirectDamage,0.0,0,0,50.0,15,751,751
32108,ProcDirectDamageHeat30,DirectDamage,0.0,0,0,59.0,13,0,4052
32109,ProcDirectDamageCold30,DirectDamage,0.0,0,0,59.0,11,4504,4504
32110,ProcDirectDamageEnergy30,DirectDamage,0.0,0,0,59.0,12,0,4069
32111,ProcDirectDamageSpirit30,DirectDamage,0.0,0,0,59.0,15,0,4059
32112,ProcDirectDamageHeat35,DirectDamage,0.0,0,0,68.0,13,0,4053
32113,ProcDirectDamageCold35,DirectDamage,0.0,0,0,68.0,11,4504,4504
32114,ProcDirectDamageEnergy35,DirectDamage,0.0,0,0,68.0,12,0,4069
32115,ProcDirectDamageSpirit35,DirectDamage,3.0,0,0,68.0,15,0,4059
32116,ProcDirectDamageHeat40,DirectDamage,0.0,0,0,77.0,13,0,4054
32117,ProcDirectDamageCold40,DirectDamage,0.0,0,0,77.0,11,0,4075
32118,ProcDirectDamageEnergy40,DirectDamage,0.0,0,0,77.0,12,0,4070
32119,ProcDirectDamageSpirit40,DirectDamage,3.0,0,0,77.0,15,0,4060
32120,ProcDirectDamageHeat43,DirectDamage,3.0,0,0,86.0,13,0,4054
32121,ProcDirectDamageCold43,DirectDamage,0.0,0,0,86.0,11,0,4075
32122,ProcDirectDamageEnergy43,DirectDamage,0.0,0,0,86.0,12,0,4070
32123,ProcDirectDamageSpirit43,DirectDamage,3.0,0,0,86.0,15,0,4060
32124,ProcDirectDamageHeat47,DirectDamage,0.0,0,0,95.0,13,0,2303
32125,ProcDirectDamageCold47,DirectDamage,0.0,0,0,95.0,11,0,2311
32126,ProcDirectDamageEnergy47,DirectDamage,3.0,0,0,95.0,12,0,4070
32150,Ablative,AblativeArmor,0.0,600,0,50.0,0,1198,1198
32160,ProcBuffAF47,SpecArmorFactorBuff,0.0,60,0,0.0,0,0,4057
32170,"Angel's Haste of Combat Speed Proc",CombatSpeedBuff,0.0,15,0,0.0,0,0,1723
32180,"Damage Shield Proc",DamageShield,0.0,15,0,5.0,14,3246,3246
33002,"Infuse Elixir",HealthRegenBuff,3.0,30,0,0.0,0,14273,14273
33020,"Eidolon Flame Bolt",Bolt,2.5,0,10,331.0,13,378,378
33021,"Exalted Magma Shield",DamageShield,4.0,1200,1200,4.6,14,57,57
33033,"HP Heal 4",Heal,3.0,0,0,0.0,0,8054,8054
33034,"120 Power Restore",PowerHeal,0.0,0,0,0.0,0,8061,8061
33100,"Pulsing Earthen Stone",EnduranceHeal,3.0,0,0,0.0,0,8058,8058
33500,"0 Range 71 DD (350 AoE) Heat",OffensiveProc,0.0,65535,0,71.0,13,301,301
33501,"0 Range  71 DD(350 AoE) Heat",DirectDamage,0.0,0,0,71.0,13,301,301
33502,"16% Haste Proc 60 sec",DefensiveProc,0.0,65535,0,0.0,0,406,406
33503,"20% Haste Proc",CombatSpeedBuff,0.0,60,0,0.0,0,406,406
33505,"13% Haste 1200sec",DefensiveProc,0.0,65535,0,0.0,0,405,405
33506,"19% Haste 1200sec",DefensiveProc,0.0,65535,0,0.0,0,407,407
33507,"16% Haste 1200sec",DefensiveProc,0.0,65535,0,0.0,0,406,406
33508,"11% Haste 1200sec",DefensiveProc,0.0,65535,0,0.0,0,404,404
33509,"11 Haste Charge 1200sec",CombatSpeedBuff,0.0,1200,0,0.0,0,404,404
33510,"13 Haste Charge 1200sec",CombatSpeedBuff,0.0,1200,0,0.0,0,405,405
33511,"19 Haste Charge 1200sec",CombatSpeedBuff,0.0,1200,0,0.0,0,407,407
33512,"17% Haste Charge",CombatSpeedBuff,0.0,600,0,0.0,0,406,406
33551,"Summons a lightram",SummonSiegeRam,0.0,0,0,1.0,0,57,0
33552,"Summons a ballista",SummonSiegeBallista,0.0,0,0,0.0,0,57,0
33553,"Summons a Catapult",SummonSiegeCatapult,0.0,0,0,0.0,0,57,0
33554,"Summons a Trebuchet",SummonSiegeTrebuchet,0.0,0,0,0.0,0,57,0
33555,"Summons a heavy ram",SummonSiegeRam,0.0,0,0,3.0,0,57,0
33600,"30 sec Root",OffensiveProc,0.0,65535,0,0.0,10,0,0
33601,"30 sec Root proc",SpeedDecrease,0.0,30,0,0.0,10,5204,5204
39999,"5.0 Damage Shield",DamageShield,0.0,1200,0,5.2,15,3246,3246
40013,"Essence Flare",Mesmerize,0.0,15,0,0.0,14,2643,2643
40022,"ProcDirectDamageCold 95 ct3",DirectDamage,2.0,0,0,95.0,11,0,4075
49821,"Pet Disease Proc",Disease,0.0,60,0,0.0,10,3472,3472
50000,"Gatekeeper Dommel",DirectDamage,3.0,0,0,500.0,13,367,367
50001,"young brown drake",DirectDamage,2.0,0,0,230.0,13,367,367
55000,"Haste Debuff 10% Poison",CombatSpeedDebuff,0.0,30,0,0.0,10,724,724
55001,"Haste Debuff 19% Poison",CombatSpeedDebuff,0.0,30,0,0.0,10,728,728
60005,"Pet Fire DD",DirectDamage,3.0,0,0,179.0,13,307,307
60006,"Pet Fire DD Proc",OffensiveProc,0.0,65535,0,0.0,13,307,307
60008,"Pet DOT",DamageOverTime,0.0,20,0,45.0,14,4089,4089
60009,"Pet Damage Shield",DamageShield,0.0,600,0,10.0,12,11023,11023
60014,"Pet Hot",HealthRegenBuff,2.0,600,0,0.0,0,4912,10308
60015,"Pet Heal",Heal,3.0,0,0,0.0,0,4716,4716
60016,"Pet Damage Add",DamageAdd,3.0,65535,0,5.5,10,2555,2555
60017,"Pet DD-Debuff",DirectDamageWithDebuff,3.0,0,3,100.0,10,4101,4101
60018,"Pet AF Buff",SpecArmorFactorBuff,0.0,1200,0,0.0,0,3154,3154
60019,"Cold DD with Snare",DamageSpeedDecrease,3.0,30,0,159.0,13,258,258
60020,"Cold DD with Snare",DamageSpeedDecrease,3.5,30,0,179.0,13,4261,4209
60021,"Pet Con Buff",ConstitutionBuff,0.0,1200,0,0.0,0,1481,1481
60098,"Pet StrCon Buff",StrengthConstitutionBuff,0.0,1200,0,0.0,0,1481,1481
60099,"Pet STRCON debuff",StrengthConstitutionDebuff,0.0,60,0,0.0,0,4385,4385
60100,"Pet Heal",Heal,4.0,0,0,0.0,0,715,715
60101,"Pet Heal",Heal,4.0,0,0,0.0,0,715,715
60102,"Pet Heal",Heal,4.0,0,0,0.0,0,715,715
60103,"Pet Heal",Heal,4.0,0,0,0.0,0,715,715
60104,"Pet Heal",Heal,4.0,0,0,0.0,0,715,715
60105,"Pet Heal",Heal,4.0,0,0,0.0,0,715,715
60114,"Pet Lifetap",DirectDamage,3.0,0,0,35.0,10,710,710
60115,"Pet Lifetap",DirectDamage,3.0,0,0,52.0,10,710,710
60116,"Pet Lifetap",DirectDamage,3.0,0,0,63.0,10,710,710
60117,"Pet Lifetap",DirectDamage,3.0,0,0,75.0,10,710,710
60118,"Pet Lifetap",DirectDamage,3.0,0,0,105.0,10,710,710
60119,"Pet Lifetap",DirectDamage,3.0,0,0,145.0,10,710,710
60120,DD+Snare,DamageSpeedDecrease,4.0,30,0,25.0,10,873,873
60121,DD+Snare,DamageSpeedDecrease,4.0,30,0,40.0,10,873,873
60122,DD+Snare,DamageSpeedDecrease,4.0,30,0,50.0,10,873,873
60123,DD+Snare,DamageSpeedDecrease,4.0,30,0,60.0,10,873,873
60124,DD+Snare,DamageSpeedDecrease,4.0,30,0,80.0,10,873,873
60125,DD+Snare,DamageSpeedDecrease,4.0,30,0,120.0,10,873,873
61000,"Flame PK Bolt",Bolt,1.5,0,0,3000.0,13,378,378
61001,"Void PK Bolt",Bolt,1.5,0,0,3000.0,11,4520,4520
61002,"Sovereign PK bolt",Bolt,1.0,0,20,3000.0,12,2909,2909
61003,"Odin's Hatred",DirectDamage,0.5,0,0,3000.0,12,2958,2958
61019,"Pet DD-Debuff Zealot",DirectDamageWithDebuff,3.5,15,0,179.0,13,2199,2199
61020,"Energy DD Proc 70",DirectDamageNoVariance,0.0,0,15,70.0,12,5435,5435
61021,"Offensive Proc Energy70",OffensiveProc,0.0,65535,0,0.0,10,0,0
61022,"Dot proc 15dmg",DamageOverTime,0.0,15,20,15.0,10,4099,4099
61023,"Offensive DOT proc 15dmg",OffensiveProc,0.0,65535,0,0.0,10,0,0
61024,"Enfeeble Body",StrengthDebuff,0.0,60,60,0.0,10,675,675
61025,"Cursed Vigor",Disease,3.0,60,0,0.0,10,731,731
61026,"Offensive debuff 30",OffensiveProc,0.0,65535,0,0.0,10,0,0
61027,"Fire Blast",DirectDamageNoVariance,3.0,0,10,80.0,13,2302,2302
61028,Disease,Disease,0.0,60,0,0.0,10,4089,4089
61029,"Offensive disease 60s",OffensiveProc,0.0,65535,0,0.0,10,0,0
61030,"Molten Ocean",DamageSpeedDecrease,3.0,30,8,134.0,14,77,77
61031,"Entangling Haze ",DamageSpeedDecrease,3.0,30,5,300.0,11,219,228
61032,"Greater Demobilizing Blast",DamageSpeedDecrease,3.0,30,8,300.0,12,4359,4359
61033,"Kinetic Siphon",DamageSpeedDecrease,3.0,30,10,200.0,12,4396,4396
61034,"Greater Vitality Dispersal",StrengthConstitutionDebuff,2.0,60,60,0.0,12,4387,4387
61035,"Ice Blast",DirectDamageNoVariance,2.6,0,8,300.0,11,159,159
61036,"Anchor Of Ice",SpeedDecrease,2.5,73,60,0.0,11,177,177
61037,"Thor's Full Lightning",DirectDamageNoVariance,3.0,0,5,300.0,12,3510,3510
61038,"Umbral Wave",Mesmerize,2.0,60,0,0.0,11,2619,2619
61039,"Greater Rune of Shadow",DirectDamageNoVariance,2.8,0,5,300.0,11,2570,2570
61040,"Soul Siphon",Lifedrain,0.0,0,10,300.0,15,9619,9619
61041,"Offensive lifedrain",OffensiveProc,0.0,65535,0,0.0,10,0,0
61042,"Ultimate Force of the Deep",DamageAdd,3.0,1200,0,10.0,14,3259,3259
61043,"Plague Spores",Disease,3.0,180,30,0.0,10,3425,3425
61044,"Fungal Blight",DamageOverTime,3.0,24,24,87.0,10,3411,3411
61045,"Fungal Spine",Bolt,2.5,0,20,280.0,14,3470,3470
61046,"Clenching Creepers",SpeedDecrease,2.5,84,60,0.0,14,3439,3439
61047,"Entropic Affliction",Disease,3.0,60,30,0.0,12,4371,4371
61048,"Cold's Bitter Grip ",SpeedDecrease,2.5,30,60,0.0,11,173,173
61049,Stun,Stun,3.0,8,30,0.0,10,4125,4125
61050,"Offensive debuff haste 19%",OffensiveProc,0.0,65535,0,0.0,10,0,0
61051,"5.0 Damage Shield",DamageShield,2.0,600,0,5.0,15,57,57
61052,"Lamia Skin",SpecArmorFactorBuff,3.0,1200,0,0.0,0,3154,3154
61053,"Heavenly Detonation",DirectDamage,4.0,0,0,127.0,15,1695,1695
61054,"Greater Holy Fury",DirectDamage,3.0,0,0,145.0,15,1678,1678
61056,"Ice Blast",DirectDamageNoVariance,3.0,0,0,150.0,11,4075,4075
61057,"Offensive dd aoe",OffensiveProc,0.0,65535,0,0.0,10,0,0
61058,"Scorcher DD",DirectDamageNoVariance,2.8,0,0,120.0,13,358,358
61059,"Scorcher DD AE",DirectDamageNoVariance,2.8,0,0,80.0,13,358,358
61060,"Offensive scorcher dd",OffensiveProc,0.0,65535,0,0.0,10,0,0
61061,"Deffensive scorcher dd",DefensiveProc,0.0,65535,0,0.0,0,0,0
61064,"Oblivion Bolt",Bolt,2.5,0,4,162.0,11,4556,4556
61067,"Angelic Power",StrengthConstitutionBuff,3.0,0,0,0.0,0,1513,1513
61068,"Offensive mezz proc",OffensiveProc,0.0,65535,0,0.0,10,0,0
61069,Contamination,DamageOverTime,3.0,24,0,23.0,14,556,3472
61070,"Offensive dot proc",OffensiveProc,0.0,65535,0,0.0,10,0,0
61071,"Offensive dot proc 35dmg",OffensiveProc,0.0,65535,0,0.0,10,0,0
61073,"Major Conflagration",DirectDamage,2.8,0,5,180.0,13,360,360
61074,"Essence Devourer",Lifedrain,2.5,0,5,179.0,10,662,662
61076,"Bechard DD",DirectDamageNoVariance,3.0,0,5,250.0,10,9191,9191
61077,"Silcharde DD",DirectDamageNoVariance,3.0,0,5,300.0,15,759,759
61080,"Obsidian Strike",DirectDamageNoVariance,2.6,0,0,200.0,11,2511,2511
61081,"Queen's Maid Con Buff",ConstitutionBuff,0.0,1200,0,0.0,0,1481,1481
61082,"Cursed Essence",Disease,3.0,180,30,0.0,10,735,735
61083,"Lance Spirit",DamageOverTime,3.0,24,30,83.0,14,585,585
61084,"Constrict Spirit",UnbreakableSpeedDecrease,0.0,15,0,0.0,15,873,873
61085,"Mob Insta Snare 100%",OffensiveProc,0.0,65535,0,0.0,15,0,0
61553,"Blasting Maelstrom",DirectDamage,2.8,0,0,182.0,15,479,479
61555,"40 Endurance Heal",EnduranceHeal,3.0,0,0,0.0,0,8064,8064
61556,"Proc 40 Endurance Heal",DefensiveProc,0.0,65535,0,0.0,0,8057,8057
65151,"130 Damage Cold DD",DirectDamage,0.0,0,10,130.0,11,0,159
65152,"Corruptor Dot",DamageOverTime,0.0,24,20,60.0,12,4099,4099
65300,"Pet Lifetap Proc base",OffensiveProc,0.0,65535,0,0.0,15,0,0
65301,"Pet Stun Base",OffensiveProc,0.0,65535,0,0.0,0,0,0
65302,"Pet-Cold-DD-Proc base",OffensiveProc,0.0,65535,0,0.0,11,0,0
65303,Disease,OffensiveProc,0.0,65535,0,0.0,10,0,0
65304,"Pet-DOT Base",OffensiveProc,0.0,65535,0,0.0,14,0,0
65305,"Pet-STRCONDebuff Base",OffensiveProc,0.0,65535,0,0.0,0,0,0
65306,"Pet Bladeturn Base",OffensiveProc,0.0,65535,0,0.0,0,0,0
65307,"Theurg Air Pet Stun",Stun,0.0,3,0,0.0,0,2132,2165
65517,ProcDirectDamageHeat95,DirectDamage,2.0,0,0,95.0,13,0,2303
66605,Celerity,CombatSpeedBuff,0.0,8,8,0.0,0,3235,3235
80141,"Level 25 LT Proc - Special",Lifedrain,0.0,0,0,15.0,10,662,9191
80171,"Level 35 LT Proc - Special",Lifedrain,0.0,0,0,25.0,10,662,9191
90801,Juggernaut,SummonJuggernaut,0.0,65535,0,-100.0,0,804,804
90802,"Forestheart Ambusher",SummonAnimistAmbusher,0.0,1800,0,-100.0,10,4268,11333
92013,ProcDamageOverTimeMatter47,DamageOverTime,0.0,20,0,64.0,14,521,521
92100,ProcDirectDamageHeat41,DirectDamage,0.0,0,0,41.0,13,301,301
92101,ProcDirectDamageCold20,DirectDamage,0.0,0,0,41.0,11,4504,4504
92102,ProcDirectDamageEnergy20,DirectDamage,0.0,0,0,41.0,12,4355,4355
92103,ProcDirectDamageSpirit20,DirectDamage,0.0,0,0,41.0,15,751,751
92104,ProcDirectDamageHeat51,DirectDamage,0.0,0,0,50.0,13,301,301
92105,ProcDirectDamageCold25,DirectDamage,0.0,0,0,50.0,11,4504,4504
92106,ProcDirectDamageEnergy25,DirectDamage,0.0,0,0,50.0,12,4355,4355
92107,ProcDirectDamageSpirit25,DirectDamage,0.0,0,0,50.0,15,751,751
92108,ProcDirectDamageHeat59,DirectDamage,0.0,0,0,59.0,13,0,4052
92109,ProcDirectDamageCold30,DirectDamage,0.0,0,0,59.0,11,4504,4504
92110,ProcDirectDamageEnergy30,DirectDamage,0.0,0,0,59.0,12,4355,4355
92111,ProcDirectDamageSpirit30,DirectDamage,0.0,0,0,59.0,15,0,751
92112,ProcDirectDamageHeat68,DirectDamage,0.0,0,0,68.0,13,0,4053
92113,ProcDirectDamageCold35,DirectDamage,0.0,0,0,68.0,11,4504,4504
92114,ProcDirectDamageEnergy35,DirectDamage,0.0,0,0,68.0,12,4355,4355
92115,ProcDirectDamageSpirit35,DirectDamage,0.0,0,0,68.0,15,0,751
92116,ProcDirectDamageHeat77,DirectDamage,0.0,0,0,77.0,13,0,4054
92117,ProcDirectDamageCold40,DirectDamage,0.0,0,0,77.0,11,0,4075
92118,ProcDirectDamageEnergy40,DirectDamage,0.0,0,0,77.0,12,4355,4355
92119,ProcDirectDamageSpirit40,DirectDamage,0.0,0,0,77.0,15,0,751
92120,ProcDirectDamageHeat86,DirectDamage,0.0,0,0,86.0,13,0,4054
92121,ProcDirectDamageCold43,DirectDamage,0.0,0,0,86.0,11,0,4075
92122,ProcDirectDamageEnergy43,DirectDamage,0.0,0,0,86.0,12,4355,4355
92123,ProcDirectDamageSpirit43,DirectDamage,0.0,0,0,86.0,15,0,751
92124,ProcDirectDamageHeat95,DirectDamage,0.0,0,0,95.0,13,0,2303
92125,ProcDirectDamageCold47,DirectDamage,0.0,0,0,95.0,11,0,2311
92126,ProcDirectDamageEnergy47,DirectDamage,0.0,0,0,95.0,12,4355,4355
92127,ProcDirectDamageSpirit47,DirectDamage,0.0,0,0,95.0,15,0,4060
92150,Ablative,AblativeArmor,0.0,600,0,50.0,0,1198,1198
92171,"7% Haste Buff",CombatSpeedBuff,0.0,1200,0,0.0,0,402,402
92181,ProcDamageShieldMatter47,DamageShield,3.0,600,0,4.6,14,57,57
92182,"50 Power Restore",PowerHeal,3.0,0,0,0.0,0,8061,8061
92183,"30 Power Restore",PowerHeal,3.0,0,0,0.0,0,8061,8061
92184,"90 Power Restore",PowerHeal,3.0,0,0,0.0,0,8061,8061
92185,"99 Power Restore",PowerHeal,0.0,0,0,0.0,0,8061,8061
92186,"Strong Elixir of Healing",Heal,3.0,0,0,0.0,0,1563,1563
92187,"40 Endo Restore",EnduranceHeal,3.0,0,0,0.0,0,8064,8064
92188,"Strong Elixir of Endurance",EnduranceHeal,3.0,0,0,0.0,0,8064,8064
92189,"1 Power Regen",PowerRegenBuff,0.0,1200,0,0.0,0,8082,8082
92190,"2 Health Regen",HealthRegenBuff,0.0,1200,0,0.0,0,8074,8074
92191,"4 Health Regen",HealthRegenBuff,0.0,1200,0,0.0,0,8075,8075
92192,"1 Endo Regen",EnduranceRegenBuff,0.0,1200,0,0.0,0,8078,8078
92193,"2 Endo Regen",EnduranceRegenBuff,0.0,1200,0,0.0,0,8079,8079
92194,"3 Endo Regen",EnduranceRegenBuff,0.0,1200,0,0.0,0,8080,8080
92195,"4 Endo Regen",EnduranceRegenBuff,0.0,1200,0,0.0,0,8081,8081
92206,"99 Instant Power Restore",PowerHeal,0.0,0,0,0.0,0,8061,8061
92207,"Elixir of Instant Endurance",EnduranceHeal,0.0,0,0,0.0,0,8064,8064
92208,"75 AF Buff",SpecArmorFactorBuff,0.0,60,0,0.0,2,1505,1505
92210,"Life Drain",Lifedrain,0.0,0,0,65.0,10,662,662
92220,"Strength and Constitution Debuff",StrengthConstitutionDebuff,0.0,60,0,0.0,10,905,905
92230,"Dexterity and Quickness Debuff",DexterityQuicknessDebuff,0.0,60,0,0.0,10,766,766
92350,"Succubus Mezz",Mesmerize,2.5,51,60,0.0,10,5316,5316
93199,"Damage shield",DamageShield,0.0,600,0,4.1,0,11026,11026
93202,"Weak Elixir of Healing",Heal,3.0,0,0,0.0,0,1563,1563
93203,"Elixir of Healing",Heal,3.0,0,0,0.0,0,1563,1563
93204,"Improved Elixir of Healing",Heal,3.0,0,0,0.0,0,1563,1563
93205,"Elixir of Instant Healing",Heal,0.0,0,0,0.0,0,1563,1563
93206,TestCharge,CombatSpeedBuff,0.0,600,0,0.0,0,93206,407
93207,"Kelts Super Ant",OffensiveProc,0.0,65535,0,38.0,13,0,0
93208,"Kelts Super Ant",DirectDamage,0.0,0,0,38.0,13,0,304
93500,"16% Haste Elixir of Speed",CombatSpeedBuff,3.0,1200,0,0.0,0,406,406
93501,"13% Haste Elixir of Speed",CombatSpeedBuff,3.0,1200,0,0.0,0,405,405
93502,"11% Haste Elixir of Speed",CombatSpeedBuff,3.0,1200,0,0.0,0,404,404
96000,"50% Instant Power Restore",PowerHeal,0.0,0,0,0.0,0,8061,8061
96001,"Beetle Bone",Heal,0.0,0,0,0.0,0,8063,8063
116356,"Stunning Screech",Stun,0.0,7,10,0.0,10,1163,1163
121009,"Odin's Elixir",HealOverTime,0.0,10,10,0.0,0,4412,4412
300211,"Minor Enervating Poison",StrengthConstitutionDebuff,0.0,60,0,0.0,10,4084,4084
300281,"Lesser Enervating Poison",StrengthConstitutionDebuff,0.0,60,0,0.0,10,4084,4084
300311,"Major Enervating Poison",StrengthConstitutionDebuff,0.0,60,0,0.0,10,4085,4085
300461,"Greater Enervating Poison",StrengthConstitutionDebuff,0.0,60,0,0.0,10,4085,4085
310262,"Strong Elixir of Mending",HealthRegenBuff,3.0,1200,0,0.0,0,8077,8077
311333,"63 Dex/Qui",DexterityQuicknessBuff,0.0,60,0,0.0,0,1525,1525
600192,"Theurge Air Pet DD",DamageSpeedDecrease,2.0,30,0,10.0,15,473,473
600193,"Theurge Air Pet DD",DamageSpeedDecrease,2.0,30,0,25.0,15,473,473
600194,"Theurge Air Pet DD",DamageSpeedDecrease,2.0,30,0,40.0,15,473,473
600195,"Theurge Air Pet DD",DamageSpeedDecrease,2.0,30,0,55.0,15,473,473
600196,"Theurge Air Pet DD",DamageSpeedDecrease,2.0,30,0,70.0,15,473,473
600197,"Theurge Air Pet DD",DamageSpeedDecrease,2.0,30,0,85.0,15,473,473
600198,"Theurge Air Pet DD",DamageSpeedDecrease,2.0,30,0,100.0,15,473,473
600199,"Theurge Air Pet DD",DamageSpeedDecrease,2.0,30,0,115.0,15,473,473
610200,"Mind Annihilation",OffensiveProc,1.0,24,0,73.0,12,4430,4430
610201,"Aurora Blast",DirectDamage,2.6,0,5,179.0,13,4111,4111
610204,"Fungal Blight",DamageOverTime,3.0,24,10,87.0,10,3411,3411
670000,"Fungal Blight",DamageOverTime,3.0,24,30,102.0,10,3411,3411
671000,"Clutching Vines",SpeedDecrease,2.5,28,45,0.0,10,5204,5204
671001,Dilapidation,DamageOverTime,3.0,20,30,63.0,10,5268,5268
671002,"Mezz Far Dorocha",Mesmerize,0.0,45,60,0.0,10,5393,5393
671003,"Root of sorcerer",SpeedDecrease,2.5,61,30,0.0,10,687,687
671004,"cyhraeth devastation",OffensiveProc,0.0,0,10,171.0,13,310,310
671005,"cyhraeth devastation DD instant",DirectDamage,0.0,0,10,171.0,13,310,310
991337,"Dog Whistle",SummonNoveltyPet,0.5,300,300,15.0,0,0,0
991338,"Call Dragonfly",SummonNoveltyPet,0.0,65535,0,1.0,0,0,0
991339,"Long Ranged",StyleRange,0.0,0,0,0.0,0,0,0
991340,"Hit 2 targets",MultiTarget,0.0,0,0,0.0,0,0,0
991341,"Hit 3 targets",MultiTarget,0.0,0,0,0.0,0,0,0
991342,"Hit 4 targets",MultiTarget,0.0,0,0,0.0,0,0,0
991343,"Nature's Shield",NaturesShield,0.0,0,0,0.0,0,0,0
991400,"Call Beetle",SummonNoveltyPet,0.0,65535,0,1.0,0,0,0
991401,"Call Rabbit",SummonNoveltyPet,0.0,65535,0,1.0,0,0,0
991402,"Call Cat",SummonNoveltyPet,0.0,65535,0,1.0,0,0,0
991403,"Call Zombie",SummonNoveltyPet,0.0,65535,0,1.0,0,0,0
